title,price_gbp,rating,availability,in_stock_count,category,product_page_url
The Broken Garden,52.38,3,In stock,3,Fantasy,https://books.toscrape.com/catalogue/the-broken-garden_0/index.html
"The Burning Harbor, Book 1",44.97,3,In stock,23,Fantasy,https://books.toscrape.com/catalogue/the-burning-harbor-book-1_1/index.html
The Frozen Harbor,59.52,3,In stock,14,Business,https://books.toscrape.com/catalogue/the-frozen-harbor_2/index.html
The Whispering Horizon,16.72,3,In stock,20,Horror,https://books.toscrape.com/catalogue/the-whispering-horizon_3/index.html
The Crimson Kingdom,57.43,2,In stock,21,Biography,https://books.toscrape.com/catalogue/the-crimson-kingdom_4/index.html
The Quiet Symphony,45.11,1,Out of stock,,Young Adult,https://books.toscrape.com/catalogue/the-quiet-symphony_5/index.html
The Endless Shadow,33.2,4,In stock,9,Poetry,https://books.toscrape.com/catalogue/the-endless-shadow_6/index.html
The Last Key,23.21,4,Out of stock,,Biography,https://books.toscrape.com/catalogue/the-last-key_7/index.html
The Frozen Legacy,23.51,5,In stock,13,Philosophy,https://books.toscrape.com/catalogue/the-frozen-legacy_8/index.html
The Crimson River,34.79,5,In stock,30,Business,https://books.toscrape.com/catalogue/the-crimson-river_9/index.html
The Midnight Journey,44.92,4,In stock,19,Fantasy,https://books.toscrape.com/catalogue/the-midnight-journey_10/index.html
The Eternal Symphony,16.92,4,In stock,21,Mystery,https://books.toscrape.com/catalogue/the-eternal-symphony_11/index.html
The Forgotten Harbor,64.48,3,Out of stock,,Historical Fiction,https://books.toscrape.com/catalogue/the-forgotten-harbor_12/index.html
The Silent Shadow,54.33,5,In stock,6,Biography,https://books.toscrape.com/catalogue/the-silent-shadow_13/index.html
The Midnight Garden,66.69,4,In stock,4,Science,https://books.toscrape.com/catalogue/the-midnight-garden_14/index.html
The Distant Flame,25.3,3,Out of stock,,Mystery,https://books.toscrape.com/catalogue/the-distant-flame_15/index.html
The Silent Key,33.09,2,In stock,8,Fiction,https://books.toscrape.com/catalogue/the-silent-key_16/index.html
The Hidden Legacy,35.58,2,In stock,25,Nonfiction,https://books.toscrape.com/catalogue/the-hidden-legacy_17/index.html
The Golden Journey,39.81,2,Out of stock,,Biography,https://books.toscrape.com/catalogue/the-golden-journey_18/index.html
The Frozen Storm,49.37,5,In stock,4,Historical Fiction,https://books.toscrape.com/catalogue/the-frozen-storm_19/index.html
"The Endless Legacy, Book 1",41.48,4,In stock,2,Business,https://books.toscrape.com/catalogue/the-endless-legacy-book-1_20/index.html
The Endless River,38.88,3,In stock,18,Philosophy,https://books.toscrape.com/catalogue/the-endless-river_21/index.html
The Golden Portrait,54.78,5,In stock,14,Fantasy,https://books.toscrape.com/catalogue/the-golden-portrait_22/index.html
The Shattered Harbor,53.54,4,In stock,13,Philosophy,https://books.toscrape.com/catalogue/the-shattered-harbor_23/index.html
The Whispering Shadow,20.48,4,In stock,28,Fantasy,https://books.toscrape.com/catalogue/the-whispering-shadow_24/index.html
The Last Chronicle,22.52,4,In stock,3,Philosophy,https://books.toscrape.com/catalogue/the-last-chronicle_25/index.html
The Endless Promise,31.9,3,In stock,13,Poetry,https://books.toscrape.com/catalogue/the-endless-promise_26/index.html
The Crimson Chronicle,67.83,5,In stock,5,Young Adult,https://books.toscrape.com/catalogue/the-crimson-chronicle_27/index.html
The Secret Mirror,45.09,4,In stock,19,Fiction,https://books.toscrape.com/catalogue/the-secret-mirror_28/index.html
The Scarlet Flame,59.36,2,In stock,20,Biography,https://books.toscrape.com/catalogue/the-scarlet-flame_29/index.html
The Last Legacy,41.26,4,In stock,22,Science,https://books.toscrape.com/catalogue/the-last-legacy_30/index.html
The Burning Portrait,46.87,3,In stock,5,Science,https://books.toscrape.com/catalogue/the-burning-portrait_31/index.html
The Distant Chronicle,19.18,5,In stock,4,Horror,https://books.toscrape.com/catalogue/the-distant-chronicle_32/index.html
The Last Voyage,28.73,2,In stock,10,Romance,https://books.toscrape.com/catalogue/the-last-voyage_33/index.html
The Forgotten Chronicle,65.54,3,In stock,22,Young Adult,https://books.toscrape.com/catalogue/the-forgotten-chronicle_34/index.html
The Frozen Mirror,20.37,5,In stock,18,Nonfiction,https://books.toscrape.com/catalogue/the-frozen-mirror_35/index.html
The Golden Horizon,27.25,4,In stock,16,Fantasy,https://books.toscrape.com/catalogue/the-golden-horizon_36/index.html
"The Crimson Kingdom, Book 4",16.3,3,In stock,9,Philosophy,https://books.toscrape.com/catalogue/the-crimson-kingdom-book-4_37/index.html
The Forgotten Chronicle,25.15,4,In stock,5,Historical Fiction,https://books.toscrape.com/catalogue/the-forgotten-chronicle_38/index.html
The Frozen Kingdom,33.82,4,In stock,30,Business,https://books.toscrape.com/catalogue/the-frozen-kingdom_39/index.html
The Hidden Symphony,34.16,4,In stock,20,Fantasy,https://books.toscrape.com/catalogue/the-hidden-symphony_40/index.html
The Golden Legacy,56.82,5,In stock,11,Horror,https://books.toscrape.com/catalogue/the-golden-legacy_41/index.html
The Lost Legacy,31.44,4,In stock,7,Horror,https://books.toscrape.com/catalogue/the-lost-legacy_42/index.html
The Midnight Symphony,30.25,5,In stock,9,Horror,https://books.toscrape.com/catalogue/the-midnight-symphony_43/index.html
The Last Horizon,63.77,3,Out of stock,,Biography,https://books.toscrape.com/catalogue/the-last-horizon_44/index.html
The Broken Horizon,41.02,1,In stock,14,Romance,https://books.toscrape.com/catalogue/the-broken-horizon_45/index.html
"The Quiet Flame, Book 5",46.95,3,Out of stock,,Fantasy,https://books.toscrape.com/catalogue/the-quiet-flame-book-5_46/index.html
The Frozen Storm,64.77,5,In stock,4,Nonfiction,https://books.toscrape.com/catalogue/the-frozen-storm_47/index.html
The Distant Flame,49.69,3,In stock,22,Historical Fiction,https://books.toscrape.com/catalogue/the-distant-flame_48/index.html
The Eternal Promise,55.01,3,In stock,26,Romance,https://books.toscrape.com/catalogue/the-eternal-promise_49/index.html
The Burning Key,48.35,3,In stock,26,Poetry,https://books.toscrape.com/catalogue/the-burning-key_50/index.html
The Forgotten River,35.31,4,In stock,22,Travel,https://books.toscrape.com/catalogue/the-forgotten-river_51/index.html
The Distant Legacy,23.69,1,In stock,3,Mystery,https://books.toscrape.com/catalogue/the-distant-legacy_52/index.html
The Midnight Harbor,47.8,2,In stock,21,Business,https://books.toscrape.com/catalogue/the-midnight-harbor_53/index.html
The Silent Shadow,60.97,2,In stock,8,Fantasy,https://books.toscrape.com/catalogue/the-silent-shadow_54/index.html
"The Broken Chronicle, Book 4",42.48,4,In stock,15,Travel,https://books.toscrape.com/catalogue/the-broken-chronicle-book-4_55/index.html
The Quiet Flame,62.81,4,In stock,9,Science,https://books.toscrape.com/catalogue/the-quiet-flame_56/index.html
The Endless Horizon,27.48,4,In stock,8,Biography,https://books.toscrape.com/catalogue/the-endless-horizon_57/index.html
The Crimson Empire,20.07,2,In stock,7,Biography,https://books.toscrape.com/catalogue/the-crimson-empire_58/index.html
The Last Harbor,21.78,4,In stock,25,Biography,https://books.toscrape.com/catalogue/the-last-harbor_59/index.html
The Burning Garden,43.39,4,In stock,13,Horror,https://books.toscrape.com/catalogue/the-burning-garden_60/index.html
The Lost Voyage,62.27,5,In stock,16,Biography,https://books.toscrape.com/catalogue/the-lost-voyage_61/index.html
The Silent Labyrinth,57.11,5,In stock,20,Travel,https://books.toscrape.com/catalogue/the-silent-labyrinth_62/index.html
The Frozen Garden,18.5,4,In stock,15,Business,https://books.toscrape.com/catalogue/the-frozen-garden_63/index.html
The Forgotten Kingdom,32.41,3,In stock,25,Science Fiction,https://books.toscrape.com/catalogue/the-forgotten-kingdom_64/index.html
The Lost Horizon,39.47,1,In stock,21,Poetry,https://books.toscrape.com/catalogue/the-lost-horizon_65/index.html
The Last Kingdom,12.63,2,In stock,22,Fantasy,https://books.toscrape.com/catalogue/the-last-kingdom_66/index.html
The Broken Portrait,51.69,4,In stock,24,Poetry,https://books.toscrape.com/catalogue/the-broken-portrait_67/index.html
The Broken Promise,63.05,4,In stock,13,Nonfiction,https://books.toscrape.com/catalogue/the-broken-promise_68/index.html
"The Eternal Storm, Book 2",32.55,4,In stock,26,Nonfiction,https://books.toscrape.com/catalogue/the-eternal-storm-book-2_69/index.html
The Burning Kingdom,20.63,4,In stock,14,Historical Fiction,https://books.toscrape.com/catalogue/the-burning-kingdom_70/index.html
The Scarlet Shadow,59.09,4,In stock,24,Science Fiction,https://books.toscrape.com/catalogue/the-scarlet-shadow_71/index.html
The Wandering Horizon,39.66,4,In stock,9,Science,https://books.toscrape.com/catalogue/the-wandering-horizon_72/index.html
The Whispering Legacy,38.54,3,In stock,22,Nonfiction,https://books.toscrape.com/catalogue/the-whispering-legacy_73/index.html
"The Eternal Empire, Book 3",31.81,4,In stock,20,Mystery,https://books.toscrape.com/catalogue/the-eternal-empire-book-3_74/index.html
"The Crimson Voyage, Book 2",35.15,3,In stock,16,Nonfiction,https://books.toscrape.com/catalogue/the-crimson-voyage-book-2_75/index.html
The Scarlet Chronicle,33.18,3,In stock,12,Nonfiction,https://books.toscrape.com/catalogue/the-scarlet-chronicle_76/index.html
The Scarlet Voyage,43.54,5,In stock,10,Historical Fiction,https://books.toscrape.com/catalogue/the-scarlet-voyage_77/index.html
"The Crimson Legacy, Book 2",40.84,2,In stock,7,Science Fiction,https://books.toscrape.com/catalogue/the-crimson-legacy-book-2_78/index.html
The Scarlet Horizon,26.95,4,In stock,8,Horror,https://books.toscrape.com/catalogue/the-scarlet-horizon_79/index.html
The Shattered Promise,33.51,4,In stock,23,Young Adult,https://books.toscrape.com/catalogue/the-shattered-promise_80/index.html
"The Golden Echo, Book 1",37.48,3,Out of stock,,Business,https://books.toscrape.com/catalogue/the-golden-echo-book-1_81/index.html
"The Crimson Echo, Book 1",46.34,4,In stock,26,Historical Fiction,https://books.toscrape.com/catalogue/the-crimson-echo-book-1_82/index.html
"The Burning Mirror, Book 2",37.58,4,In stock,25,Nonfiction,https://books.toscrape.com/catalogue/the-burning-mirror-book-2_83/index.html
The Wandering Labyrinth,43.5,3,In stock,2,Poetry,https://books.toscrape.com/catalogue/the-wandering-labyrinth_84/index.html
The Quiet Shadow,25.88,4,In stock,18,Fantasy,https://books.toscrape.com/catalogue/the-quiet-shadow_85/index.html
"The Last Promise, Book 4",28.41,4,In stock,23,Young Adult,https://books.toscrape.com/catalogue/the-last-promise-book-4_86/index.html
The Midnight River,54.6,3,In stock,7,Science,https://books.toscrape.com/catalogue/the-midnight-river_87/index.html
The Lost Shadow,24.85,2,In stock,26,Travel,https://books.toscrape.com/catalogue/the-lost-shadow_88/index.html
The Distant Key,39.14,5,In stock,13,Business,https://books.toscrape.com/catalogue/the-distant-key_89/index.html
The Crimson Flame,14.72,2,In stock,9,Poetry,https://books.toscrape.com/catalogue/the-crimson-flame_90/index.html
The Silent River,50.77,5,Out of stock,,Travel,https://books.toscrape.com/catalogue/the-silent-river_91/index.html
"The Crimson Portrait, Book 2",36.34,4,Out of stock,,Poetry,https://books.toscrape.com/catalogue/the-crimson-portrait-book-2_92/index.html
The Lost Echo,32.19,3,In stock,11,Poetry,https://books.toscrape.com/catalogue/the-lost-echo_93/index.html
The Lost Echo,44.55,5,In stock,11,Historical Fiction,https://books.toscrape.com/catalogue/the-lost-echo_94/index.html
The Broken Labyrinth,50.81,5,In stock,7,Philosophy,https://books.toscrape.com/catalogue/the-broken-labyrinth_95/index.html
The Wandering Symphony,51.63,4,In stock,30,Poetry,https://books.toscrape.com/catalogue/the-wandering-symphony_96/index.html
The Distant Chronicle,62.09,2,In stock,6,Poetry,https://books.toscrape.com/catalogue/the-distant-chronicle_97/index.html
"The Distant Voyage, Book 4",54.25,3,Out of stock,,Nonfiction,https://books.toscrape.com/catalogue/the-distant-voyage-book-4_98/index.html
The Golden Echo,32.35,4,Out of stock,,Romance,https://books.toscrape.com/catalogue/the-golden-echo_99/index.html
The Endless Chronicle,43.95,2,In stock,3,Historical Fiction,https://books.toscrape.com/catalogue/the-endless-chronicle_100/index.html
The Crimson Harbor,55.29,4,In stock,19,Horror,https://books.toscrape.com/catalogue/the-crimson-harbor_101/index.html
The Burning Echo,33.67,4,In stock,15,Poetry,https://books.toscrape.com/catalogue/the-burning-echo_102/index.html
The Whispering Storm,29.88,4,In stock,24,Fantasy,https://books.toscrape.com/catalogue/the-whispering-storm_103/index.html
The Scarlet Labyrinth,46.62,5,Out of stock,,Travel,https://books.toscrape.com/catalogue/the-scarlet-labyrinth_104/index.html
The Golden Flame,60.61,5,In stock,15,Science Fiction,https://books.toscrape.com/catalogue/the-golden-flame_105/index.html
The Silent Journey,24.06,5,In stock,20,Travel,https://books.toscrape.com/catalogue/the-silent-journey_106/index.html
The Eternal River,46.31,4,In stock,29,Philosophy,https://books.toscrape.com/catalogue/the-eternal-river_107/index.html
"The Scarlet Voyage, Book 1",66.03,4,In stock,14,Fantasy,https://books.toscrape.com/catalogue/the-scarlet-voyage-book-1_108/index.html
The Broken Shadow,14.89,3,In stock,12,Young Adult,https://books.toscrape.com/catalogue/the-broken-shadow_109/index.html
"The Shattered Harbor, Book 5",52.99,4,In stock,28,Historical Fiction,https://books.toscrape.com/catalogue/the-shattered-harbor-book-5_110/index.html
The Eternal Key,24.27,5,In stock,9,Poetry,https://books.toscrape.com/catalogue/the-eternal-key_111/index.html
The Silent Chronicle,23.25,4,Out of stock,,Travel,https://books.toscrape.com/catalogue/the-silent-chronicle_112/index.html
The Distant Harbor,26.31,5,In stock,8,Poetry,https://books.toscrape.com/catalogue/the-distant-harbor_113/index.html
The Eternal Portrait,37.04,5,In stock,9,Romance,https://books.toscrape.com/catalogue/the-eternal-portrait_114/index.html
The Silent Portrait,19.3,4,In stock,29,Horror,https://books.toscrape.com/catalogue/the-silent-portrait_115/index.html
The Distant Legacy,22.51,3,In stock,25,Science Fiction,https://books.toscrape.com/catalogue/the-distant-legacy_116/index.html
The Golden Shadow,50.0,1,In stock,5,Travel,https://books.toscrape.com/catalogue/the-golden-shadow_117/index.html
The Last Mirror,19.77,2,Out of stock,,Historical Fiction,https://books.toscrape.com/catalogue/the-last-mirror_118/index.html
The Wandering Flame,60.48,2,Out of stock,,Philosophy,https://books.toscrape.com/catalogue/the-wandering-flame_119/index.html
The Distant Empire,29.2,5,In stock,24,Poetry,https://books.toscrape.com/catalogue/the-distant-empire_120/index.html
The Eternal Voyage,25.46,3,In stock,24,Horror,https://books.toscrape.com/catalogue/the-eternal-voyage_121/index.html
The Crimson Portrait,20.26,5,In stock,29,Travel,https://books.toscrape.com/catalogue/the-crimson-portrait_122/index.html
The Frozen Empire,47.48,4,In stock,21,Fantasy,https://books.toscrape.com/catalogue/the-frozen-empire_123/index.html
"The Lost Shadow, Book 1",20.65,5,In stock,13,Romance,https://books.toscrape.com/catalogue/the-lost-shadow-book-1_124/index.html
The Midnight Symphony,43.71,4,In stock,29,Young Adult,https://books.toscrape.com/catalogue/the-midnight-symphony_125/index.html
The Lost Shadow,59.27,3,In stock,15,Business,https://books.toscrape.com/catalogue/the-lost-shadow_126/index.html
The Midnight Legacy,39.88,5,In stock,2,Nonfiction,https://books.toscrape.com/catalogue/the-midnight-legacy_127/index.html
The Eternal Horizon,54.63,5,In stock,21,Nonfiction,https://books.toscrape.com/catalogue/the-eternal-horizon_128/index.html
"The Quiet Garden, Book 3",53.9,5,In stock,18,Fantasy,https://books.toscrape.com/catalogue/the-quiet-garden-book-3_129/index.html
The Secret Portrait,54.95,3,In stock,9,Philosophy,https://books.toscrape.com/catalogue/the-secret-portrait_130/index.html
The Golden Journey,44.16,2,In stock,26,Horror,https://books.toscrape.com/catalogue/the-golden-journey_131/index.html
The Endless Portrait,20.36,3,In stock,3,Mystery,https://books.toscrape.com/catalogue/the-endless-portrait_132/index.html
The Scarlet Chronicle,36.37,4,In stock,24,Biography,https://books.toscrape.com/catalogue/the-scarlet-chronicle_133/index.html
The Wandering Mirror,35.25,1,In stock,16,Fiction,https://books.toscrape.com/catalogue/the-wandering-mirror_134/index.html
The Midnight River,17.48,4,In stock,18,Science Fiction,https://books.toscrape.com/catalogue/the-midnight-river_135/index.html
The Whispering Labyrinth,39.36,3,In stock,4,Biography,https://books.toscrape.com/catalogue/the-whispering-labyrinth_136/index.html
The Frozen Storm,31.17,3,In stock,4,Science,https://books.toscrape.com/catalogue/the-frozen-storm_137/index.html
The Whispering Harbor,24.67,3,In stock,27,Romance,https://books.toscrape.com/catalogue/the-whispering-harbor_138/index.html
The Last River,57.04,4,In stock,18,Young Adult,https://books.toscrape.com/catalogue/the-last-river_139/index.html
The Frozen Empire,49.27,3,In stock,24,Historical Fiction,https://books.toscrape.com/catalogue/the-frozen-empire_140/index.html
The Hidden Mirror,36.99,2,In stock,28,Science Fiction,https://books.toscrape.com/catalogue/the-hidden-mirror_141/index.html
The Broken Symphony,25.83,2,In stock,18,Science Fiction,https://books.toscrape.com/catalogue/the-broken-symphony_142/index.html
The Quiet Key,58.61,1,In stock,6,Biography,https://books.toscrape.com/catalogue/the-quiet-key_143/index.html
The Crimson Mirror,55.13,1,In stock,5,Science Fiction,https://books.toscrape.com/catalogue/the-crimson-mirror_144/index.html
The Silent River,35.13,3,In stock,11,Fantasy,https://books.toscrape.com/catalogue/the-silent-river_145/index.html
"The Burning Key, Book 1",44.59,2,In stock,22,Mystery,https://books.toscrape.com/catalogue/the-burning-key-book-1_146/index.html
The Lost Echo,49.93,3,In stock,10,Historical Fiction,https://books.toscrape.com/catalogue/the-lost-echo_147/index.html
The Burning Echo,31.46,1,In stock,10,Romance,https://books.toscrape.com/catalogue/the-burning-echo_148/index.html
The Secret Journey,16.37,3,In stock,13,Romance,https://books.toscrape.com/catalogue/the-secret-journey_149/index.html
The Frozen Legacy,32.88,4,In stock,14,Philosophy,https://books.toscrape.com/catalogue/the-frozen-legacy_150/index.html
The Silent Chronicle,35.39,3,In stock,10,Philosophy,https://books.toscrape.com/catalogue/the-silent-chronicle_151/index.html
"The Broken Labyrinth, Book 3",51.73,5,In stock,3,Mystery,https://books.toscrape.com/catalogue/the-broken-labyrinth-book-3_152/index.html
The Lost Shadow,20.66,3,In stock,8,Business,https://books.toscrape.com/catalogue/the-lost-shadow_153/index.html
"The Whispering Promise, Book 1",60.09,4,In stock,27,Biography,https://books.toscrape.com/catalogue/the-whispering-promise-book-1_154/index.html
"The Golden Legacy, Book 3",21.68,2,In stock,25,Fantasy,https://books.toscrape.com/catalogue/the-golden-legacy-book-3_155/index.html
The Scarlet Chronicle,53.11,4,In stock,20,Horror,https://books.toscrape.com/catalogue/the-scarlet-chronicle_156/index.html
The Whispering Empire,49.94,4,In stock,12,Nonfiction,https://books.toscrape.com/catalogue/the-whispering-empire_157/index.html
The Wandering River,29.51,1,In stock,28,Poetry,https://books.toscrape.com/catalogue/the-wandering-river_158/index.html
The Last Key,46.05,4,In stock,15,Historical Fiction,https://books.toscrape.com/catalogue/the-last-key_159/index.html
The Burning Storm,63.49,4,In stock,27,Poetry,https://books.toscrape.com/catalogue/the-burning-storm_160/index.html
The Whispering River,47.86,1,In stock,20,Mystery,https://books.toscrape.com/catalogue/the-whispering-river_161/index.html
The Forgotten Symphony,54.3,3,In stock,21,Romance,https://books.toscrape.com/catalogue/the-forgotten-symphony_162/index.html
The Whispering River,32.0,4,In stock,30,Biography,https://books.toscrape.com/catalogue/the-whispering-river_163/index.html
The Quiet Journey,60.32,4,In stock,22,Business,https://books.toscrape.com/catalogue/the-quiet-journey_164/index.html
The Eternal Journey,35.08,3,In stock,22,Nonfiction,https://books.toscrape.com/catalogue/the-eternal-journey_165/index.html
The Wandering River,15.38,4,Out of stock,,Historical Fiction,https://books.toscrape.com/catalogue/the-wandering-river_166/index.html
The Whispering Echo,28.94,2,In stock,18,Mystery,https://books.toscrape.com/catalogue/the-whispering-echo_167/index.html
The Wandering Kingdom,22.82,5,In stock,27,Science,https://books.toscrape.com/catalogue/the-wandering-kingdom_168/index.html
The Quiet Promise,46.74,3,In stock,10,Fiction,https://books.toscrape.com/catalogue/the-quiet-promise_169/index.html
The Midnight Legacy,60.76,5,In stock,22,Romance,https://books.toscrape.com/catalogue/the-midnight-legacy_170/index.html
The Burning Chronicle,41.83,5,In stock,7,Romance,https://books.toscrape.com/catalogue/the-burning-chronicle_171/index.html
The Quiet Journey,60.14,4,In stock,28,Fiction,https://books.toscrape.com/catalogue/the-quiet-journey_172/index.html
The Wandering Shadow,35.52,2,In stock,3,Horror,https://books.toscrape.com/catalogue/the-wandering-shadow_173/index.html
The Endless Chronicle,14.17,1,In stock,3,Science,https://books.toscrape.com/catalogue/the-endless-chronicle_174/index.html
"The Shattered Legacy, Book 1",29.93,4,In stock,30,Philosophy,https://books.toscrape.com/catalogue/the-shattered-legacy-book-1_175/index.html
The Scarlet Journey,12.24,3,In stock,27,Poetry,https://books.toscrape.com/catalogue/the-scarlet-journey_176/index.html
The Golden Voyage,19.86,4,In stock,2,Business,https://books.toscrape.com/catalogue/the-golden-voyage_177/index.html
The Endless Harbor,24.78,4,In stock,1,Business,https://books.toscrape.com/catalogue/the-endless-harbor_178/index.html
The Wandering Portrait,13.7,3,In stock,6,Mystery,https://books.toscrape.com/catalogue/the-wandering-portrait_179/index.html
The Last Flame,47.57,5,In stock,1,Nonfiction,https://books.toscrape.com/catalogue/the-last-flame_180/index.html
"The Eternal Echo, Book 4",17.04,3,In stock,24,Science Fiction,https://books.toscrape.com/catalogue/the-eternal-echo-book-4_181/index.html
The Broken Portrait,29.97,2,In stock,27,Science Fiction,https://books.toscrape.com/catalogue/the-broken-portrait_182/index.html
The Midnight Echo,50.58,2,In stock,7,Horror,https://books.toscrape.com/catalogue/the-midnight-echo_183/index.html
The Hidden Storm,48.16,5,In stock,9,Science Fiction,https://books.toscrape.com/catalogue/the-hidden-storm_184/index.html
The Hidden Storm,59.11,5,In stock,12,Philosophy,https://books.toscrape.com/catalogue/the-hidden-storm_185/index.html
The Lost Labyrinth,31.32,5,In stock,12,Science,https://books.toscrape.com/catalogue/the-lost-labyrinth_186/index.html
The Wandering Horizon,39.0,3,In stock,10,Young Adult,https://books.toscrape.com/catalogue/the-wandering-horizon_187/index.html
"The Whispering Shadow, Book 3",48.38,3,In stock,15,Romance,https://books.toscrape.com/catalogue/the-whispering-shadow-book-3_188/index.html
The Hidden Symphony,66.19,3,In stock,21,Historical Fiction,https://books.toscrape.com/catalogue/the-hidden-symphony_189/index.html
The Eternal Symphony,60.78,4,In stock,26,Young Adult,https://books.toscrape.com/catalogue/the-eternal-symphony_190/index.html
"The Midnight Kingdom, Book 2",37.7,4,In stock,5,Horror,https://books.toscrape.com/catalogue/the-midnight-kingdom-book-2_191/index.html
The Midnight Symphony,18.12,1,In stock,9,Horror,https://books.toscrape.com/catalogue/the-midnight-symphony_192/index.html
"The Endless Shadow, Book 2",58.62,4,In stock,23,Poetry,https://books.toscrape.com/catalogue/the-endless-shadow-book-2_193/index.html
The Midnight Storm,63.53,4,In stock,3,Romance,https://books.toscrape.com/catalogue/the-midnight-storm_194/index.html
The Midnight Promise,62.7,5,Out of stock,,Poetry,https://books.toscrape.com/catalogue/the-midnight-promise_195/index.html
The Shattered River,62.19,5,Out of stock,,Romance,https://books.toscrape.com/catalogue/the-shattered-river_196/index.html
The Forgotten Symphony,54.47,5,In stock,12,Nonfiction,https://books.toscrape.com/catalogue/the-forgotten-symphony_197/index.html
The Frozen Portrait,27.83,5,In stock,13,Horror,https://books.toscrape.com/catalogue/the-frozen-portrait_198/index.html
The Scarlet Flame,25.91,5,In stock,15,Historical Fiction,https://books.toscrape.com/catalogue/the-scarlet-flame_199/index.html
The Midnight Flame,45.94,5,In stock,5,Science,https://books.toscrape.com/catalogue/the-midnight-flame_200/index.html
The Lost Flame,41.45,5,In stock,30,Fiction,https://books.toscrape.com/catalogue/the-lost-flame_201/index.html
The Endless Symphony,57.3,5,In stock,18,Biography,https://books.toscrape.com/catalogue/the-endless-symphony_202/index.html
The Crimson Journey,38.48,4,Out of stock,,Business,https://books.toscrape.com/catalogue/the-crimson-journey_203/index.html
The Golden Promise,38.62,5,In stock,28,Young Adult,https://books.toscrape.com/catalogue/the-golden-promise_204/index.html
"The Silent River, Book 5",53.68,4,In stock,16,Romance,https://books.toscrape.com/catalogue/the-silent-river-book-5_205/index.html
The Frozen Mirror,57.71,4,In stock,3,Romance,https://books.toscrape.com/catalogue/the-frozen-mirror_206/index.html
The Hidden Promise,30.16,4,In stock,11,Poetry,https://books.toscrape.com/catalogue/the-hidden-promise_207/index.html
"The Shattered Labyrinth, Book 3",31.69,4,In stock,8,Biography,https://books.toscrape.com/catalogue/the-shattered-labyrinth-book-3_208/index.html
"The Golden Shadow, Book 4",31.34,4,In stock,11,Philosophy,https://books.toscrape.com/catalogue/the-golden-shadow-book-4_209/index.html
The Burning Empire,41.73,4,In stock,1,Mystery,https://books.toscrape.com/catalogue/the-burning-empire_210/index.html
The Last Labyrinth,29.45,3,In stock,29,Fantasy,https://books.toscrape.com/catalogue/the-last-labyrinth_211/index.html
The Scarlet Mirror,18.75,2,In stock,13,Philosophy,https://books.toscrape.com/catalogue/the-scarlet-mirror_212/index.html
The Shattered Kingdom,32.44,4,In stock,15,Business,https://books.toscrape.com/catalogue/the-shattered-kingdom_213/index.html
The Frozen Horizon,25.74,4,In stock,26,Business,https://books.toscrape.com/catalogue/the-frozen-horizon_214/index.html
The Whispering Voyage,42.73,2,In stock,2,Horror,https://books.toscrape.com/catalogue/the-whispering-voyage_215/index.html
The Golden Empire,46.44,4,In stock,20,Biography,https://books.toscrape.com/catalogue/the-golden-empire_216/index.html
The Whispering Promise,29.65,4,In stock,18,Business,https://books.toscrape.com/catalogue/the-whispering-promise_217/index.html
The Scarlet Portrait,27.28,1,In stock,10,Philosophy,https://books.toscrape.com/catalogue/the-scarlet-portrait_218/index.html
The Silent Key,57.08,5,In stock,19,Travel,https://books.toscrape.com/catalogue/the-silent-key_219/index.html
The Scarlet Promise,55.24,4,In stock,2,Young Adult,https://books.toscrape.com/catalogue/the-scarlet-promise_220/index.html
The Burning Shadow,23.21,3,In stock,25,Poetry,https://books.toscrape.com/catalogue/the-burning-shadow_221/index.html
The Quiet Echo,51.44,4,In stock,22,Young Adult,https://books.toscrape.com/catalogue/the-quiet-echo_222/index.html
The Scarlet Flame,43.03,4,In stock,28,Mystery,https://books.toscrape.com/catalogue/the-scarlet-flame_223/index.html
The Crimson Key,32.07,3,Out of stock,,Fantasy,https://books.toscrape.com/catalogue/the-crimson-key_224/index.html
The Distant Storm,34.54,3,In stock,9,Poetry,https://books.toscrape.com/catalogue/the-distant-storm_225/index.html
The Distant Shadow,65.42,3,Out of stock,,Biography,https://books.toscrape.com/catalogue/the-distant-shadow_226/index.html
"The Golden Mirror, Book 1",52.77,5,In stock,27,Science Fiction,https://books.toscrape.com/catalogue/the-golden-mirror-book-1_227/index.html
The Frozen Horizon,21.41,3,In stock,2,Young Adult,https://books.toscrape.com/catalogue/the-frozen-horizon_228/index.html
The Wandering Legacy,29.4,2,In stock,5,Fiction,https://books.toscrape.com/catalogue/the-wandering-legacy_229/index.html
The Silent Voyage,63.52,3,In stock,7,Mystery,https://books.toscrape.com/catalogue/the-silent-voyage_230/index.html
The Distant Empire,22.71,5,In stock,24,Fiction,https://books.toscrape.com/catalogue/the-distant-empire_231/index.html
The Hidden Promise,60.97,2,In stock,16,Philosophy,https://books.toscrape.com/catalogue/the-hidden-promise_232/index.html
The Forgotten Mirror,47.21,3,In stock,15,Fiction,https://books.toscrape.com/catalogue/the-forgotten-mirror_233/index.html
The Frozen Flame,37.83,5,In stock,6,Mystery,https://books.toscrape.com/catalogue/the-frozen-flame_234/index.html
The Midnight Horizon,56.08,4,In stock,6,Fiction,https://books.toscrape.com/catalogue/the-midnight-horizon_235/index.html
The Quiet Labyrinth,32.11,3,Out of stock,,Biography,https://books.toscrape.com/catalogue/the-quiet-labyrinth_236/index.html
The Scarlet Empire,27.8,3,Out of stock,,Fiction,https://books.toscrape.com/catalogue/the-scarlet-empire_237/index.html
The Distant Portrait,30.9,3,In stock,15,Fiction,https://books.toscrape.com/catalogue/the-distant-portrait_238/index.html
The Distant Promise,64.59,5,In stock,21,Biography,https://books.toscrape.com/catalogue/the-distant-promise_239/index.html
The Distant Symphony,40.96,5,Out of stock,,Fantasy,https://books.toscrape.com/catalogue/the-distant-symphony_240/index.html
The Shattered Harbor,44.19,4,In stock,8,Science,https://books.toscrape.com/catalogue/the-shattered-harbor_241/index.html
The Quiet River,20.42,4,In stock,18,Biography,https://books.toscrape.com/catalogue/the-quiet-river_242/index.html
The Wandering Storm,55.49,2,In stock,23,Mystery,https://books.toscrape.com/catalogue/the-wandering-storm_243/index.html
"The Burning Echo, Book 5",40.3,5,In stock,2,Poetry,https://books.toscrape.com/catalogue/the-burning-echo-book-5_244/index.html
The Frozen Chronicle,38.33,4,In stock,19,Romance,https://books.toscrape.com/catalogue/the-frozen-chronicle_245/index.html
The Last Kingdom,62.08,1,In stock,30,Young Adult,https://books.toscrape.com/catalogue/the-last-kingdom_246/index.html
The Scarlet Kingdom,60.57,5,In stock,14,Mystery,https://books.toscrape.com/catalogue/the-scarlet-kingdom_247/index.html
The Shattered Labyrinth,38.11,5,In stock,18,Science,https://books.toscrape.com/catalogue/the-shattered-labyrinth_248/index.html
"The Golden Symphony, Book 5",50.17,4,In stock,1,Historical Fiction,https://books.toscrape.com/catalogue/the-golden-symphony-book-5_249/index.html
The Distant Chronicle,31.84,3,In stock,5,Biography,https://books.toscrape.com/catalogue/the-distant-chronicle_250/index.html
The Crimson Storm,20.71,5,In stock,30,Young Adult,https://books.toscrape.com/catalogue/the-crimson-storm_251/index.html
The Silent Legacy,39.7,4,In stock,8,Nonfiction,https://books.toscrape.com/catalogue/the-silent-legacy_252/index.html
The Hidden Labyrinth,55.03,3,In stock,10,Biography,https://books.toscrape.com/catalogue/the-hidden-labyrinth_253/index.html
The Endless Portrait,55.79,5,In stock,22,Business,https://books.toscrape.com/catalogue/the-endless-portrait_254/index.html
The Wandering Legacy,59.69,1,In stock,21,Romance,https://books.toscrape.com/catalogue/the-wandering-legacy_255/index.html
The Lost Voyage,53.93,5,In stock,14,Science Fiction,https://books.toscrape.com/catalogue/the-lost-voyage_256/index.html
The Lost Journey,44.67,5,In stock,23,Mystery,https://books.toscrape.com/catalogue/the-lost-journey_257/index.html
The Golden Chronicle,35.51,3,In stock,9,Biography,https://books.toscrape.com/catalogue/the-golden-chronicle_258/index.html
The Secret Empire,33.27,3,In stock,2,Science,https://books.toscrape.com/catalogue/the-secret-empire_259/index.html
The Crimson Labyrinth,15.75,1,In stock,22,Business,https://books.toscrape.com/catalogue/the-crimson-labyrinth_260/index.html
The Frozen Storm,36.75,5,In stock,7,Philosophy,https://books.toscrape.com/catalogue/the-frozen-storm_261/index.html
The Broken Echo,29.55,4,In stock,25,Young Adult,https://books.toscrape.com/catalogue/the-broken-echo_262/index.html
The Distant Labyrinth,27.65,3,In stock,4,Travel,https://books.toscrape.com/catalogue/the-distant-labyrinth_263/index.html
The Scarlet Empire,18.97,3,In stock,1,Science Fiction,https://books.toscrape.com/catalogue/the-scarlet-empire_264/index.html
The Crimson Voyage,28.33,4,In stock,19,Business,https://books.toscrape.com/catalogue/the-crimson-voyage_265/index.html
The Endless Echo,52.6,3,In stock,24,Travel,https://books.toscrape.com/catalogue/the-endless-echo_266/index.html
The Scarlet Chronicle,21.78,3,In stock,29,Horror,https://books.toscrape.com/catalogue/the-scarlet-chronicle_267/index.html
The Frozen Kingdom,66.44,5,In stock,14,Philosophy,https://books.toscrape.com/catalogue/the-frozen-kingdom_268/index.html
"The Golden Legacy, Book 2",34.66,3,In stock,30,Fiction,https://books.toscrape.com/catalogue/the-golden-legacy-book-2_269/index.html
The Quiet Echo,38.11,1,In stock,9,Fiction,https://books.toscrape.com/catalogue/the-quiet-echo_270/index.html
"The Frozen Mirror, Book 4",30.64,5,In stock,8,Horror,https://books.toscrape.com/catalogue/the-frozen-mirror-book-4_271/index.html
The Secret Key,51.72,3,Out of stock,,Philosophy,https://books.toscrape.com/catalogue/the-secret-key_272/index.html
The Midnight Portrait,50.79,3,In stock,28,Young Adult,https://books.toscrape.com/catalogue/the-midnight-portrait_273/index.html
The Hidden River,14.88,4,In stock,16,Historical Fiction,https://books.toscrape.com/catalogue/the-hidden-river_274/index.html
The Lost Empire,66.43,5,In stock,29,Philosophy,https://books.toscrape.com/catalogue/the-lost-empire_275/index.html
The Burning Echo,58.58,1,In stock,2,Science,https://books.toscrape.com/catalogue/the-burning-echo_276/index.html
"The Forgotten Empire, Book 2",55.32,2,Out of stock,,Business,https://books.toscrape.com/catalogue/the-forgotten-empire-book-2_277/index.html
The Distant Promise,40.92,5,In stock,25,Business,https://books.toscrape.com/catalogue/the-distant-promise_278/index.html
The Golden River,34.03,1,In stock,25,Science Fiction,https://books.toscrape.com/catalogue/the-golden-river_279/index.html
The Quiet Key,47.91,3,In stock,8,Horror,https://books.toscrape.com/catalogue/the-quiet-key_280/index.html
The Shattered Voyage,41.81,2,In stock,10,Historical Fiction,https://books.toscrape.com/catalogue/the-shattered-voyage_281/index.html
"The Endless River, Book 2",49.61,4,In stock,4,Historical Fiction,https://books.toscrape.com/catalogue/the-endless-river-book-2_282/index.html
The Last Garden,25.78,3,In stock,15,Poetry,https://books.toscrape.com/catalogue/the-last-garden_283/index.html
The Frozen Voyage,28.38,1,In stock,11,Nonfiction,https://books.toscrape.com/catalogue/the-frozen-voyage_284/index.html
The Eternal Garden,54.34,5,Out of stock,,Historical Fiction,https://books.toscrape.com/catalogue/the-eternal-garden_285/index.html
The Endless Portrait,20.25,3,In stock,3,Travel,https://books.toscrape.com/catalogue/the-endless-portrait_286/index.html
The Forgotten Harbor,17.86,4,In stock,21,Romance,https://books.toscrape.com/catalogue/the-forgotten-harbor_287/index.html
The Scarlet Key,30.03,2,In stock,20,Poetry,https://books.toscrape.com/catalogue/the-scarlet-key_288/index.html
The Eternal Empire,65.22,5,In stock,11,Historical Fiction,https://books.toscrape.com/catalogue/the-eternal-empire_289/index.html
The Quiet Storm,63.85,5,In stock,16,Mystery,https://books.toscrape.com/catalogue/the-quiet-storm_290/index.html
The Burning Legacy,33.29,5,In stock,19,Romance,https://books.toscrape.com/catalogue/the-burning-legacy_291/index.html
The Frozen Promise,48.75,1,In stock,26,Biography,https://books.toscrape.com/catalogue/the-frozen-promise_292/index.html
The Distant River,47.54,5,In stock,9,Horror,https://books.toscrape.com/catalogue/the-distant-river_293/index.html
The Golden Harbor,44.89,3,In stock,30,Nonfiction,https://books.toscrape.com/catalogue/the-golden-harbor_294/index.html
"The Lost Voyage, Book 3",45.73,5,In stock,25,Young Adult,https://books.toscrape.com/catalogue/the-lost-voyage-book-3_295/index.html
The Endless Symphony,61.04,1,In stock,25,Business,https://books.toscrape.com/catalogue/the-endless-symphony_296/index.html
"The Whispering Harbor, Book 1",52.19,3,In stock,8,Romance,https://books.toscrape.com/catalogue/the-whispering-harbor-book-1_297/index.html
The Midnight Symphony,47.73,4,Out of stock,,Horror,https://books.toscrape.com/catalogue/the-midnight-symphony_298/index.html
The Scarlet Shadow,27.71,5,In stock,10,Science,https://books.toscrape.com/catalogue/the-scarlet-shadow_299/index.html
The Whispering Chronicle,39.31,4,In stock,11,Biography,https://books.toscrape.com/catalogue/the-whispering-chronicle_300/index.html
"The Last Mirror, Book 1",51.67,5,In stock,24,Fiction,https://books.toscrape.com/catalogue/the-last-mirror-book-1_301/index.html
The Endless Flame,35.59,3,In stock,21,Mystery,https://books.toscrape.com/catalogue/the-endless-flame_302/index.html
The Forgotten Promise,53.67,3,In stock,14,Historical Fiction,https://books.toscrape.com/catalogue/the-forgotten-promise_303/index.html
The Eternal Garden,51.46,3,In stock,26,Fantasy,https://books.toscrape.com/catalogue/the-eternal-garden_304/index.html
The Frozen Promise,32.02,4,In stock,21,Fantasy,https://books.toscrape.com/catalogue/the-frozen-promise_305/index.html
The Whispering Key,36.16,4,In stock,27,Historical Fiction,https://books.toscrape.com/catalogue/the-whispering-key_306/index.html
The Distant Key,18.11,2,In stock,23,Travel,https://books.toscrape.com/catalogue/the-distant-key_307/index.html
The Golden Flame,30.93,2,In stock,23,Business,https://books.toscrape.com/catalogue/the-golden-flame_308/index.html
The Forgotten Voyage,28.53,2,In stock,12,Romance,https://books.toscrape.com/catalogue/the-forgotten-voyage_309/index.html
"The Silent Echo, Book 4",42.23,4,In stock,27,Biography,https://books.toscrape.com/catalogue/the-silent-echo-book-4_310/index.html
The Midnight Echo,49.14,1,In stock,18,Business,https://books.toscrape.com/catalogue/the-midnight-echo_311/index.html
The Distant Promise,54.69,4,In stock,4,Business,https://books.toscrape.com/catalogue/the-distant-promise_312/index.html
The Crimson Voyage,55.92,4,In stock,7,Science Fiction,https://books.toscrape.com/catalogue/the-crimson-voyage_313/index.html
The Lost Shadow,37.38,5,In stock,12,Travel,https://books.toscrape.com/catalogue/the-lost-shadow_314/index.html
The Last Chronicle,32.45,5,In stock,12,Nonfiction,https://books.toscrape.com/catalogue/the-last-chronicle_315/index.html
The Quiet Harbor,61.23,5,In stock,18,Mystery,https://books.toscrape.com/catalogue/the-quiet-harbor_316/index.html
The Crimson Key,32.86,5,Out of stock,,Science Fiction,https://books.toscrape.com/catalogue/the-crimson-key_317/index.html
"The Wandering Shadow, Book 4",25.68,1,In stock,5,Science,https://books.toscrape.com/catalogue/the-wandering-shadow-book-4_318/index.html
The Endless Journey,56.03,3,In stock,21,Philosophy,https://books.toscrape.com/catalogue/the-endless-journey_319/index.html
The Crimson Harbor,56.75,4,In stock,9,Nonfiction,https://books.toscrape.com/catalogue/the-crimson-harbor_320/index.html
The Shattered Chronicle,62.22,4,In stock,15,Science Fiction,https://books.toscrape.com/catalogue/the-shattered-chronicle_321/index.html
The Shattered River,34.25,3,In stock,27,Historical Fiction,https://books.toscrape.com/catalogue/the-shattered-river_322/index.html
The Distant Empire,39.02,4,In stock,2,Mystery,https://books.toscrape.com/catalogue/the-distant-empire_323/index.html
The Hidden Shadow,25.07,4,In stock,1,Philosophy,https://books.toscrape.com/catalogue/the-hidden-shadow_324/index.html
The Lost Storm,44.14,2,Out of stock,,Science,https://books.toscrape.com/catalogue/the-lost-storm_325/index.html
The Crimson River,46.82,2,In stock,21,Romance,https://books.toscrape.com/catalogue/the-crimson-river_326/index.html
The Distant Legacy,15.87,4,In stock,8,Nonfiction,https://books.toscrape.com/catalogue/the-distant-legacy_327/index.html
"The Wandering Chronicle, Book 3",56.79,2,In stock,8,Philosophy,https://books.toscrape.com/catalogue/the-wandering-chronicle-book-3_328/index.html
The Eternal River,30.58,2,In stock,27,Nonfiction,https://books.toscrape.com/catalogue/the-eternal-river_329/index.html
"The Golden Journey, Book 5",23.02,4,In stock,24,Fiction,https://books.toscrape.com/catalogue/the-golden-journey-book-5_330/index.html
The Golden Harbor,17.84,5,In stock,19,Poetry,https://books.toscrape.com/catalogue/the-golden-harbor_331/index.html
The Eternal Symphony,31.34,5,In stock,20,Science Fiction,https://books.toscrape.com/catalogue/the-eternal-symphony_332/index.html
The Quiet Key,54.61,1,In stock,20,Young Adult,https://books.toscrape.com/catalogue/the-quiet-key_333/index.html
The Wandering Storm,57.54,4,In stock,13,Romance,https://books.toscrape.com/catalogue/the-wandering-storm_334/index.html
The Broken Legacy,54.96,1,In stock,11,Business,https://books.toscrape.com/catalogue/the-broken-legacy_335/index.html
The Golden Labyrinth,39.85,3,In stock,25,Business,https://books.toscrape.com/catalogue/the-golden-labyrinth_336/index.html
The Last Garden,13.85,3,In stock,17,Fiction,https://books.toscrape.com/catalogue/the-last-garden_337/index.html
The Distant Flame,20.41,4,In stock,9,Historical Fiction,https://books.toscrape.com/catalogue/the-distant-flame_338/index.html
"The Last Mirror, Book 2",29.68,2,In stock,21,Horror,https://books.toscrape.com/catalogue/the-last-mirror-book-2_339/index.html
The Last Mirror,26.88,5,Out of stock,,Young Adult,https://books.toscrape.com/catalogue/the-last-mirror_340/index.html
The Broken Chronicle,53.03,3,In stock,23,Fiction,https://books.toscrape.com/catalogue/the-broken-chronicle_341/index.html
The Golden Garden,56.92,4,In stock,5,Science Fiction,https://books.toscrape.com/catalogue/the-golden-garden_342/index.html
The Crimson Shadow,36.11,3,In stock,19,Fiction,https://books.toscrape.com/catalogue/the-crimson-shadow_343/index.html
The Last Echo,53.8,1,In stock,25,Science Fiction,https://books.toscrape.com/catalogue/the-last-echo_344/index.html
The Broken Portrait,37.21,3,In stock,8,Nonfiction,https://books.toscrape.com/catalogue/the-broken-portrait_345/index.html
The Hidden Echo,60.99,2,In stock,30,Science,https://books.toscrape.com/catalogue/the-hidden-echo_346/index.html
The Lost Legacy,36.76,5,In stock,4,Historical Fiction,https://books.toscrape.com/catalogue/the-lost-legacy_347/index.html
The Wandering Kingdom,17.5,4,In stock,28,Horror,https://books.toscrape.com/catalogue/the-wandering-kingdom_348/index.html
The Distant Mirror,32.78,4,In stock,24,Biography,https://books.toscrape.com/catalogue/the-distant-mirror_349/index.html
The Quiet Legacy,70.15,5,In stock,18,Business,https://books.toscrape.com/catalogue/the-quiet-legacy_350/index.html
"The Endless Journey, Book 4",33.86,3,In stock,11,Fiction,https://books.toscrape.com/catalogue/the-endless-journey-book-4_351/index.html
The Silent Labyrinth,27.66,3,In stock,2,Young Adult,https://books.toscrape.com/catalogue/the-silent-labyrinth_352/index.html
"The Golden Horizon, Book 2",42.11,5,In stock,24,Science,https://books.toscrape.com/catalogue/the-golden-horizon-book-2_353/index.html
"The Last Portrait, Book 2",21.92,5,In stock,5,Travel,https://books.toscrape.com/catalogue/the-last-portrait-book-2_354/index.html
The Endless Mirror,40.47,5,In stock,15,Science Fiction,https://books.toscrape.com/catalogue/the-endless-mirror_355/index.html
"The Crimson Legacy, Book 2",43.29,5,In stock,15,Mystery,https://books.toscrape.com/catalogue/the-crimson-legacy-book-2_356/index.html
"The Whispering Harbor, Book 3",28.51,3,In stock,6,Horror,https://books.toscrape.com/catalogue/the-whispering-harbor-book-3_357/index.html
"The Distant Key, Book 3",24.83,2,In stock,22,Mystery,https://books.toscrape.com/catalogue/the-distant-key-book-3_358/index.html
The Distant Horizon,31.62,1,In stock,8,Mystery,https://books.toscrape.com/catalogue/the-distant-horizon_359/index.html
"The Broken Chronicle, Book 2",53.98,1,In stock,27,Nonfiction,https://books.toscrape.com/catalogue/the-broken-chronicle-book-2_360/index.html
The Eternal Symphony,43.98,2,In stock,3,Travel,https://books.toscrape.com/catalogue/the-eternal-symphony_361/index.html
The Secret Chronicle,57.28,5,In stock,15,Nonfiction,https://books.toscrape.com/catalogue/the-secret-chronicle_362/index.html
The Hidden Promise,32.54,5,In stock,6,Historical Fiction,https://books.toscrape.com/catalogue/the-hidden-promise_363/index.html
The Shattered Storm,55.88,3,In stock,8,Romance,https://books.toscrape.com/catalogue/the-shattered-storm_364/index.html
The Distant Echo,19.45,4,In stock,21,Biography,https://books.toscrape.com/catalogue/the-distant-echo_365/index.html
The Wandering Legacy,16.04,4,In stock,16,Horror,https://books.toscrape.com/catalogue/the-wandering-legacy_366/index.html
The Frozen Echo,32.86,4,In stock,8,Business,https://books.toscrape.com/catalogue/the-frozen-echo_367/index.html
"The Silent Horizon, Book 4",42.1,3,In stock,8,Biography,https://books.toscrape.com/catalogue/the-silent-horizon-book-4_368/index.html
The Endless Horizon,25.26,5,In stock,28,Horror,https://books.toscrape.com/catalogue/the-endless-horizon_369/index.html
The Eternal Symphony,24.1,2,In stock,12,Philosophy,https://books.toscrape.com/catalogue/the-eternal-symphony_370/index.html
The Burning Garden,46.31,5,In stock,26,Science Fiction,https://books.toscrape.com/catalogue/the-burning-garden_371/index.html
The Scarlet Voyage,14.51,1,In stock,16,Poetry,https://books.toscrape.com/catalogue/the-scarlet-voyage_372/index.html
The Silent Empire,31.31,5,In stock,28,Fantasy,https://books.toscrape.com/catalogue/the-silent-empire_373/index.html
"The Whispering Kingdom, Book 5",59.68,5,In stock,3,Young Adult,https://books.toscrape.com/catalogue/the-whispering-kingdom-book-5_374/index.html
The Shattered Labyrinth,19.27,3,Out of stock,,Science Fiction,https://books.toscrape.com/catalogue/the-shattered-labyrinth_375/index.html
The Scarlet Empire,64.74,4,In stock,19,Biography,https://books.toscrape.com/catalogue/the-scarlet-empire_376/index.html
The Forgotten Labyrinth,20.4,3,In stock,19,Young Adult,https://books.toscrape.com/catalogue/the-forgotten-labyrinth_377/index.html
"The Eternal Portrait, Book 5",63.09,5,In stock,30,Science Fiction,https://books.toscrape.com/catalogue/the-eternal-portrait-book-5_378/index.html
The Scarlet Journey,61.63,3,In stock,3,Nonfiction,https://books.toscrape.com/catalogue/the-scarlet-journey_379/index.html
"The Whispering Chronicle, Book 2",35.82,4,In stock,2,Fantasy,https://books.toscrape.com/catalogue/the-whispering-chronicle-book-2_380/index.html
The Eternal Chronicle,40.94,5,In stock,4,Mystery,https://books.toscrape.com/catalogue/the-eternal-chronicle_381/index.html
The Scarlet Portrait,38.86,3,In stock,1,Travel,https://books.toscrape.com/catalogue/the-scarlet-portrait_382/index.html
The Whispering Horizon,56.86,3,In stock,29,Nonfiction,https://books.toscrape.com/catalogue/the-whispering-horizon_383/index.html
The Last Empire,52.04,5,In stock,20,Business,https://books.toscrape.com/catalogue/the-last-empire_384/index.html
"The Lost Promise, Book 3",38.51,5,Out of stock,,Fantasy,https://books.toscrape.com/catalogue/the-lost-promise-book-3_385/index.html
The Frozen Horizon,17.41,3,In stock,5,Romance,https://books.toscrape.com/catalogue/the-frozen-horizon_386/index.html
"The Hidden Symphony, Book 1",48.56,5,In stock,7,Romance,https://books.toscrape.com/catalogue/the-hidden-symphony-book-1_387/index.html
The Forgotten Mirror,31.89,5,In stock,22,Poetry,https://books.toscrape.com/catalogue/the-forgotten-mirror_388/index.html
The Crimson River,56.75,2,In stock,9,Historical Fiction,https://books.toscrape.com/catalogue/the-crimson-river_389/index.html
The Midnight Chronicle,19.1,3,In stock,3,Philosophy,https://books.toscrape.com/catalogue/the-midnight-chronicle_390/index.html
The Shattered Voyage,46.41,4,In stock,14,Horror,https://books.toscrape.com/catalogue/the-shattered-voyage_391/index.html
The Frozen Echo,23.17,4,In stock,17,Fantasy,https://books.toscrape.com/catalogue/the-frozen-echo_392/index.html
The Burning Flame,29.36,5,In stock,6,Travel,https://books.toscrape.com/catalogue/the-burning-flame_393/index.html
"The Secret Storm, Book 4",44.24,5,In stock,27,Nonfiction,https://books.toscrape.com/catalogue/the-secret-storm-book-4_394/index.html
The Quiet Horizon,19.73,5,In stock,11,Young Adult,https://books.toscrape.com/catalogue/the-quiet-horizon_395/index.html
The Crimson Flame,46.7,1,In stock,4,Philosophy,https://books.toscrape.com/catalogue/the-crimson-flame_396/index.html
"The Lost Journey, Book 5",68.73,5,In stock,4,Business,https://books.toscrape.com/catalogue/the-lost-journey-book-5_397/index.html
The Distant Voyage,33.57,3,In stock,2,Science,https://books.toscrape.com/catalogue/the-distant-voyage_398/index.html
The Forgotten Horizon,46.99,4,In stock,11,Business,https://books.toscrape.com/catalogue/the-forgotten-horizon_399/index.html
The Endless Kingdom,32.15,3,In stock,10,Science,https://books.toscrape.com/catalogue/the-endless-kingdom_400/index.html
The Crimson Echo,54.98,2,Out of stock,,Travel,https://books.toscrape.com/catalogue/the-crimson-echo_401/index.html
The Midnight Empire,20.0,4,In stock,14,Historical Fiction,https://books.toscrape.com/catalogue/the-midnight-empire_402/index.html
The Scarlet Flame,50.21,1,In stock,13,Philosophy,https://books.toscrape.com/catalogue/the-scarlet-flame_403/index.html
The Golden Flame,55.56,2,In stock,2,Fiction,https://books.toscrape.com/catalogue/the-golden-flame_404/index.html
The Midnight Kingdom,31.27,2,In stock,30,Young Adult,https://books.toscrape.com/catalogue/the-midnight-kingdom_405/index.html
The Broken Garden,27.84,4,In stock,12,Poetry,https://books.toscrape.com/catalogue/the-broken-garden_406/index.html
The Shattered Promise,48.72,4,In stock,6,Romance,https://books.toscrape.com/catalogue/the-shattered-promise_407/index.html
The Burning Storm,25.75,3,In stock,28,Travel,https://books.toscrape.com/catalogue/the-burning-storm_408/index.html
The Silent Echo,51.94,2,In stock,10,Travel,https://books.toscrape.com/catalogue/the-silent-echo_409/index.html
The Crimson Harbor,26.9,3,In stock,27,Philosophy,https://books.toscrape.com/catalogue/the-crimson-harbor_410/index.html
The Quiet Labyrinth,51.86,4,In stock,21,Fiction,https://books.toscrape.com/catalogue/the-quiet-labyrinth_411/index.html
The Quiet Key,18.15,2,In stock,28,Travel,https://books.toscrape.com/catalogue/the-quiet-key_412/index.html
The Crimson Horizon,25.56,4,In stock,2,Science,https://books.toscrape.com/catalogue/the-crimson-horizon_413/index.html
The Quiet Labyrinth,14.26,2,In stock,30,Travel,https://books.toscrape.com/catalogue/the-quiet-labyrinth_414/index.html
The Lost Labyrinth,68.27,4,In stock,23,Fiction,https://books.toscrape.com/catalogue/the-lost-labyrinth_415/index.html
The Endless Voyage,51.17,5,In stock,27,Poetry,https://books.toscrape.com/catalogue/the-endless-voyage_416/index.html
The Frozen Promise,27.17,2,In stock,6,Poetry,https://books.toscrape.com/catalogue/the-frozen-promise_417/index.html
The Whispering River,33.66,4,In stock,9,Fantasy,https://books.toscrape.com/catalogue/the-whispering-river_418/index.html
The Burning Mirror,59.99,4,Out of stock,,Nonfiction,https://books.toscrape.com/catalogue/the-burning-mirror_419/index.html
The Last Echo,47.15,2,In stock,28,Biography,https://books.toscrape.com/catalogue/the-last-echo_420/index.html
The Golden Journey,45.41,3,In stock,11,Science Fiction,https://books.toscrape.com/catalogue/the-golden-journey_421/index.html
The Forgotten River,28.75,5,In stock,7,Travel,https://books.toscrape.com/catalogue/the-forgotten-river_422/index.html
The Forgotten Portrait,52.78,5,In stock,14,Poetry,https://books.toscrape.com/catalogue/the-forgotten-portrait_423/index.html
The Eternal Harbor,38.65,1,Out of stock,,Historical Fiction,https://books.toscrape.com/catalogue/the-eternal-harbor_424/index.html
The Whispering Flame,47.63,1,In stock,10,Travel,https://books.toscrape.com/catalogue/the-whispering-flame_425/index.html
The Golden Shadow,15.04,3,Out of stock,,Business,https://books.toscrape.com/catalogue/the-golden-shadow_426/index.html
The Midnight Flame,46.64,3,Out of stock,,Science Fiction,https://books.toscrape.com/catalogue/the-midnight-flame_427/index.html
The Scarlet Symphony,62.44,5,In stock,24,Mystery,https://books.toscrape.com/catalogue/the-scarlet-symphony_428/index.html
The Golden Storm,23.85,4,In stock,13,Business,https://books.toscrape.com/catalogue/the-golden-storm_429/index.html
The Crimson Voyage,52.13,5,In stock,23,Business,https://books.toscrape.com/catalogue/the-crimson-voyage_430/index.html
The Broken Harbor,36.94,4,In stock,21,Nonfiction,https://books.toscrape.com/catalogue/the-broken-harbor_431/index.html
The Silent Mirror,30.34,4,In stock,27,Nonfiction,https://books.toscrape.com/catalogue/the-silent-mirror_432/index.html
The Broken Flame,53.72,3,In stock,25,Nonfiction,https://books.toscrape.com/catalogue/the-broken-flame_433/index.html
The Crimson Flame,27.08,4,In stock,7,Science Fiction,https://books.toscrape.com/catalogue/the-crimson-flame_434/index.html
The Scarlet Empire,64.03,4,In stock,5,Fiction,https://books.toscrape.com/catalogue/the-scarlet-empire_435/index.html
"The Last Flame, Book 1",28.99,3,In stock,15,Science,https://books.toscrape.com/catalogue/the-last-flame-book-1_436/index.html
The Hidden Shadow,26.63,1,In stock,24,Philosophy,https://books.toscrape.com/catalogue/the-hidden-shadow_437/index.html
The Broken Shadow,54.43,1,In stock,12,Science,https://books.toscrape.com/catalogue/the-broken-shadow_438/index.html
The Midnight Key,52.48,2,In stock,15,Young Adult,https://books.toscrape.com/catalogue/the-midnight-key_439/index.html
The Crimson Labyrinth,52.91,5,In stock,23,Poetry,https://books.toscrape.com/catalogue/the-crimson-labyrinth_440/index.html
"The Hidden Promise, Book 5",48.23,5,In stock,12,Poetry,https://books.toscrape.com/catalogue/the-hidden-promise-book-5_441/index.html
The Quiet Garden,62.48,5,Out of stock,,Science,https://books.toscrape.com/catalogue/the-quiet-garden_442/index.html
The Broken Harbor,31.44,3,In stock,25,Nonfiction,https://books.toscrape.com/catalogue/the-broken-harbor_443/index.html
The Burning Portrait,45.34,5,In stock,14,Travel,https://books.toscrape.com/catalogue/the-burning-portrait_444/index.html
The Endless Echo,26.04,4,In stock,20,Travel,https://books.toscrape.com/catalogue/the-endless-echo_445/index.html
The Hidden Garden,39.43,4,In stock,25,Mystery,https://books.toscrape.com/catalogue/the-hidden-garden_446/index.html
The Scarlet Empire,22.92,1,In stock,8,Romance,https://books.toscrape.com/catalogue/the-scarlet-empire_447/index.html
The Last Chronicle,57.01,3,In stock,16,Business,https://books.toscrape.com/catalogue/the-last-chronicle_448/index.html
The Silent Shadow,12.74,4,In stock,20,Fiction,https://books.toscrape.com/catalogue/the-silent-shadow_449/index.html
The Distant Flame,62.42,4,In stock,8,Travel,https://books.toscrape.com/catalogue/the-distant-flame_450/index.html
The Midnight Empire,50.74,4,In stock,4,Business,https://books.toscrape.com/catalogue/the-midnight-empire_451/index.html
The Endless Garden,56.38,4,In stock,4,Philosophy,https://books.toscrape.com/catalogue/the-endless-garden_452/index.html
The Hidden Promise,48.93,4,In stock,7,Philosophy,https://books.toscrape.com/catalogue/the-hidden-promise_453/index.html
The Broken Labyrinth,49.42,5,In stock,30,Philosophy,https://books.toscrape.com/catalogue/the-broken-labyrinth_454/index.html
The Burning Shadow,45.5,4,Out of stock,,Poetry,https://books.toscrape.com/catalogue/the-burning-shadow_455/index.html
The Silent Flame,59.27,5,In stock,30,Biography,https://books.toscrape.com/catalogue/the-silent-flame_456/index.html
The Forgotten Portrait,32.77,2,In stock,17,Philosophy,https://books.toscrape.com/catalogue/the-forgotten-portrait_457/index.html
The Eternal Harbor,27.59,4,In stock,10,Science,https://books.toscrape.com/catalogue/the-eternal-harbor_458/index.html
"The Midnight Journey, Book 5",46.55,5,In stock,11,Young Adult,https://books.toscrape.com/catalogue/the-midnight-journey-book-5_459/index.html
The Frozen Storm,53.7,4,In stock,23,Business,https://books.toscrape.com/catalogue/the-frozen-storm_460/index.html
The Forgotten Flame,19.38,3,In stock,19,Travel,https://books.toscrape.com/catalogue/the-forgotten-flame_461/index.html
The Lost Voyage,12.78,3,In stock,2,Philosophy,https://books.toscrape.com/catalogue/the-lost-voyage_462/index.html
The Hidden Storm,26.33,2,In stock,23,Horror,https://books.toscrape.com/catalogue/the-hidden-storm_463/index.html
The Distant Storm,37.83,3,In stock,18,Fiction,https://books.toscrape.com/catalogue/the-distant-storm_464/index.html
The Endless Voyage,55.32,5,In stock,30,Biography,https://books.toscrape.com/catalogue/the-endless-voyage_465/index.html
The Eternal Labyrinth,33.65,5,In stock,9,Horror,https://books.toscrape.com/catalogue/the-eternal-labyrinth_466/index.html
The Secret Key,63.11,5,In stock,21,Philosophy,https://books.toscrape.com/catalogue/the-secret-key_467/index.html
The Shattered Portrait,48.02,2,In stock,22,Business,https://books.toscrape.com/catalogue/the-shattered-portrait_468/index.html
The Last Promise,34.29,4,In stock,5,Young Adult,https://books.toscrape.com/catalogue/the-last-promise_469/index.html
The Forgotten Portrait,47.91,3,In stock,11,Fiction,https://books.toscrape.com/catalogue/the-forgotten-portrait_470/index.html
The Quiet Kingdom,49.02,4,In stock,12,Travel,https://books.toscrape.com/catalogue/the-quiet-kingdom_471/index.html
The Last Empire,52.59,4,In stock,13,Mystery,https://books.toscrape.com/catalogue/the-last-empire_472/index.html
The Last Symphony,30.9,4,Out of stock,,Fantasy,https://books.toscrape.com/catalogue/the-last-symphony_473/index.html
The Quiet Flame,61.64,5,In stock,15,Biography,https://books.toscrape.com/catalogue/the-quiet-flame_474/index.html
The Endless Key,49.84,5,In stock,4,Fantasy,https://books.toscrape.com/catalogue/the-endless-key_475/index.html
The Eternal Horizon,37.88,1,In stock,17,Romance,https://books.toscrape.com/catalogue/the-eternal-horizon_476/index.html
"The Midnight Echo, Book 2",60.75,4,Out of stock,,Science Fiction,https://books.toscrape.com/catalogue/the-midnight-echo-book-2_477/index.html
"The Frozen Voyage, Book 1",57.6,4,In stock,4,Fantasy,https://books.toscrape.com/catalogue/the-frozen-voyage-book-1_478/index.html
The Secret Voyage,57.73,5,Out of stock,,Science,https://books.toscrape.com/catalogue/the-secret-voyage_479/index.html
The Golden Garden,14.52,1,In stock,3,Science Fiction,https://books.toscrape.com/catalogue/the-golden-garden_480/index.html
The Burning Legacy,45.61,3,In stock,22,Historical Fiction,https://books.toscrape.com/catalogue/the-burning-legacy_481/index.html
"The Broken Voyage, Book 5",48.79,5,In stock,30,Nonfiction,https://books.toscrape.com/catalogue/the-broken-voyage-book-5_482/index.html
The Wandering Shadow,20.42,3,In stock,13,Travel,https://books.toscrape.com/catalogue/the-wandering-shadow_483/index.html
The Silent Echo,33.74,2,In stock,21,Fantasy,https://books.toscrape.com/catalogue/the-silent-echo_484/index.html
The Golden Mirror,62.34,5,Out of stock,,Science,https://books.toscrape.com/catalogue/the-golden-mirror_485/index.html
The Silent Voyage,13.64,2,In stock,3,Mystery,https://books.toscrape.com/catalogue/the-silent-voyage_486/index.html
The Distant Storm,29.83,4,In stock,5,Science,https://books.toscrape.com/catalogue/the-distant-storm_487/index.html
The Forgotten Promise,21.26,3,In stock,2,Philosophy,https://books.toscrape.com/catalogue/the-forgotten-promise_488/index.html
The Frozen Chronicle,15.46,3,In stock,16,Nonfiction,https://books.toscrape.com/catalogue/the-frozen-chronicle_489/index.html
"The Whispering Symphony, Book 2",16.15,3,In stock,11,Nonfiction,https://books.toscrape.com/catalogue/the-whispering-symphony-book-2_490/index.html
The Quiet Mirror,32.76,4,In stock,1,Mystery,https://books.toscrape.com/catalogue/the-quiet-mirror_491/index.html
The Whispering Legacy,40.53,4,In stock,24,Young Adult,https://books.toscrape.com/catalogue/the-whispering-legacy_492/index.html
The Whispering Echo,37.94,5,In stock,3,Science Fiction,https://books.toscrape.com/catalogue/the-whispering-echo_493/index.html
The Crimson Journey,56.28,3,In stock,1,Fantasy,https://books.toscrape.com/catalogue/the-crimson-journey_494/index.html
The Wandering Garden,46.44,3,In stock,18,Business,https://books.toscrape.com/catalogue/the-wandering-garden_495/index.html
The Frozen Echo,27.3,3,In stock,10,Mystery,https://books.toscrape.com/catalogue/the-frozen-echo_496/index.html
The Golden Chronicle,40.58,3,In stock,26,Nonfiction,https://books.toscrape.com/catalogue/the-golden-chronicle_497/index.html
The Quiet Promise,26.15,3,In stock,5,Mystery,https://books.toscrape.com/catalogue/the-quiet-promise_498/index.html
"The Scarlet Symphony, Book 4",29.06,1,In stock,30,Fantasy,https://books.toscrape.com/catalogue/the-scarlet-symphony-book-4_499/index.html
The Shattered Labyrinth,20.98,5,In stock,17,Poetry,https://books.toscrape.com/catalogue/the-shattered-labyrinth_500/index.html
The Crimson Horizon,45.14,2,In stock,27,Business,https://books.toscrape.com/catalogue/the-crimson-horizon_501/index.html
The Last Flame,36.7,3,In stock,26,Science,https://books.toscrape.com/catalogue/the-last-flame_502/index.html
"The Scarlet Key, Book 2",17.43,2,In stock,6,Poetry,https://books.toscrape.com/catalogue/the-scarlet-key-book-2_503/index.html
The Forgotten Symphony,25.76,2,In stock,16,Philosophy,https://books.toscrape.com/catalogue/the-forgotten-symphony_504/index.html
The Scarlet Echo,34.49,4,In stock,19,Mystery,https://books.toscrape.com/catalogue/the-scarlet-echo_505/index.html
The Forgotten Journey,21.51,5,Out of stock,,Fiction,https://books.toscrape.com/catalogue/the-forgotten-journey_506/index.html
The Wandering Labyrinth,61.75,4,In stock,3,Business,https://books.toscrape.com/catalogue/the-wandering-labyrinth_507/index.html
The Secret Chronicle,29.33,5,In stock,26,Poetry,https://books.toscrape.com/catalogue/the-secret-chronicle_508/index.html
The Burning Promise,49.77,3,In stock,19,Biography,https://books.toscrape.com/catalogue/the-burning-promise_509/index.html
The Last Legacy,24.56,2,In stock,14,Mystery,https://books.toscrape.com/catalogue/the-last-legacy_510/index.html
"The Golden Key, Book 4",20.22,4,In stock,4,Science,https://books.toscrape.com/catalogue/the-golden-key-book-4_511/index.html
The Last Echo,60.55,4,In stock,21,Science,https://books.toscrape.com/catalogue/the-last-echo_512/index.html
The Lost Flame,37.45,1,In stock,26,Philosophy,https://books.toscrape.com/catalogue/the-lost-flame_513/index.html
The Eternal Symphony,60.12,5,In stock,9,Young Adult,https://books.toscrape.com/catalogue/the-eternal-symphony_514/index.html
The Scarlet Legacy,57.79,3,In stock,23,Nonfiction,https://books.toscrape.com/catalogue/the-scarlet-legacy_515/index.html
The Silent Portrait,44.6,1,In stock,12,Biography,https://books.toscrape.com/catalogue/the-silent-portrait_516/index.html
The Broken Journey,56.79,3,In stock,9,Business,https://books.toscrape.com/catalogue/the-broken-journey_517/index.html
The Eternal Storm,25.41,4,In stock,10,Horror,https://books.toscrape.com/catalogue/the-eternal-storm_518/index.html
The Burning Symphony,60.02,4,In stock,15,Historical Fiction,https://books.toscrape.com/catalogue/the-burning-symphony_519/index.html
The Forgotten Shadow,58.68,5,In stock,2,Historical Fiction,https://books.toscrape.com/catalogue/the-forgotten-shadow_520/index.html
The Forgotten Labyrinth,58.38,5,In stock,3,Fiction,https://books.toscrape.com/catalogue/the-forgotten-labyrinth_521/index.html
The Last Horizon,55.67,4,In stock,21,Nonfiction,https://books.toscrape.com/catalogue/the-last-horizon_522/index.html
The Wandering Mirror,49.53,1,In stock,1,Business,https://books.toscrape.com/catalogue/the-wandering-mirror_523/index.html
The Secret Flame,45.01,5,In stock,22,Fiction,https://books.toscrape.com/catalogue/the-secret-flame_524/index.html
The Hidden Symphony,19.6,5,In stock,22,Fiction,https://books.toscrape.com/catalogue/the-hidden-symphony_525/index.html
The Eternal Labyrinth,47.52,1,In stock,24,Biography,https://books.toscrape.com/catalogue/the-eternal-labyrinth_526/index.html
The Frozen Portrait,42.99,3,Out of stock,,Philosophy,https://books.toscrape.com/catalogue/the-frozen-portrait_527/index.html
The Burning Garden,43.96,4,In stock,4,Historical Fiction,https://books.toscrape.com/catalogue/the-burning-garden_528/index.html
The Wandering Horizon,29.43,5,In stock,16,Philosophy,https://books.toscrape.com/catalogue/the-wandering-horizon_529/index.html
The Endless Empire,63.72,4,In stock,9,Poetry,https://books.toscrape.com/catalogue/the-endless-empire_530/index.html
The Last Labyrinth,26.02,4,Out of stock,,Fantasy,https://books.toscrape.com/catalogue/the-last-labyrinth_531/index.html
"The Wandering Voyage, Book 3",35.94,3,In stock,18,Fantasy,https://books.toscrape.com/catalogue/the-wandering-voyage-book-3_532/index.html
The Forgotten Echo,35.42,5,In stock,30,Fantasy,https://books.toscrape.com/catalogue/the-forgotten-echo_533/index.html
The Secret Echo,57.29,4,In stock,8,Fantasy,https://books.toscrape.com/catalogue/the-secret-echo_534/index.html
The Quiet Symphony,18.75,2,In stock,1,Nonfiction,https://books.toscrape.com/catalogue/the-quiet-symphony_535/index.html
The Frozen Kingdom,44.5,4,In stock,28,Science Fiction,https://books.toscrape.com/catalogue/the-frozen-kingdom_536/index.html
The Crimson Echo,28.73,5,In stock,2,Horror,https://books.toscrape.com/catalogue/the-crimson-echo_537/index.html
The Wandering Harbor,29.59,1,In stock,15,Biography,https://books.toscrape.com/catalogue/the-wandering-harbor_538/index.html
The Broken Flame,44.96,1,In stock,12,Young Adult,https://books.toscrape.com/catalogue/the-broken-flame_539/index.html
The Quiet Horizon,38.75,3,In stock,16,Romance,https://books.toscrape.com/catalogue/the-quiet-horizon_540/index.html
The Lost Storm,55.89,3,In stock,5,Horror,https://books.toscrape.com/catalogue/the-lost-storm_541/index.html
The Burning Legacy,25.88,3,In stock,5,Young Adult,https://books.toscrape.com/catalogue/the-burning-legacy_542/index.html
The Golden Echo,23.58,3,In stock,18,Mystery,https://books.toscrape.com/catalogue/the-golden-echo_543/index.html
The Whispering Echo,15.88,5,In stock,7,Biography,https://books.toscrape.com/catalogue/the-whispering-echo_544/index.html
The Crimson Echo,30.4,3,In stock,30,Nonfiction,https://books.toscrape.com/catalogue/the-crimson-echo_545/index.html
"The Crimson Symphony, Book 1",62.65,5,In stock,21,Science Fiction,https://books.toscrape.com/catalogue/the-crimson-symphony-book-1_546/index.html
The Frozen Promise,48.08,3,In stock,29,Romance,https://books.toscrape.com/catalogue/the-frozen-promise_547/index.html
The Last Labyrinth,20.58,4,In stock,11,Poetry,https://books.toscrape.com/catalogue/the-last-labyrinth_548/index.html
The Lost Key,19.89,5,In stock,21,Philosophy,https://books.toscrape.com/catalogue/the-lost-key_549/index.html
The Distant Horizon,38.92,3,In stock,19,Historical Fiction,https://books.toscrape.com/catalogue/the-distant-horizon_550/index.html
The Wandering Chronicle,21.1,5,In stock,24,Mystery,https://books.toscrape.com/catalogue/the-wandering-chronicle_551/index.html
The Last Storm,59.73,2,In stock,25,Nonfiction,https://books.toscrape.com/catalogue/the-last-storm_552/index.html
The Eternal Flame,42.24,2,Out of stock,,Nonfiction,https://books.toscrape.com/catalogue/the-eternal-flame_553/index.html
The Eternal Mirror,43.61,3,In stock,1,Young Adult,https://books.toscrape.com/catalogue/the-eternal-mirror_554/index.html
The Hidden Symphony,44.57,5,Out of stock,,Science Fiction,https://books.toscrape.com/catalogue/the-hidden-symphony_555/index.html
"The Frozen Chronicle, Book 5",40.82,4,In stock,14,Mystery,https://books.toscrape.com/catalogue/the-frozen-chronicle-book-5_556/index.html
The Wandering Voyage,24.07,4,In stock,14,Science Fiction,https://books.toscrape.com/catalogue/the-wandering-voyage_557/index.html
The Crimson Journey,51.01,4,In stock,18,Fiction,https://books.toscrape.com/catalogue/the-crimson-journey_558/index.html
The Silent Echo,54.58,3,In stock,26,Poetry,https://books.toscrape.com/catalogue/the-silent-echo_559/index.html
The Silent Voyage,36.85,5,In stock,21,Historical Fiction,https://books.toscrape.com/catalogue/the-silent-voyage_560/index.html
The Eternal Labyrinth,28.07,3,In stock,26,Nonfiction,https://books.toscrape.com/catalogue/the-eternal-labyrinth_561/index.html
The Crimson Mirror,41.68,5,In stock,10,Biography,https://books.toscrape.com/catalogue/the-crimson-mirror_562/index.html
The Broken Chronicle,39.16,4,In stock,18,Romance,https://books.toscrape.com/catalogue/the-broken-chronicle_563/index.html
The Silent Promise,51.62,3,In stock,5,Romance,https://books.toscrape.com/catalogue/the-silent-promise_564/index.html
The Silent Echo,57.46,3,In stock,26,Historical Fiction,https://books.toscrape.com/catalogue/the-silent-echo_565/index.html
"The Hidden Empire, Book 2",34.38,3,In stock,29,Fiction,https://books.toscrape.com/catalogue/the-hidden-empire-book-2_566/index.html
The Crimson Labyrinth,52.08,5,Out of stock,,Nonfiction,https://books.toscrape.com/catalogue/the-crimson-labyrinth_567/index.html
The Endless Kingdom,48.38,5,In stock,22,Young Adult,https://books.toscrape.com/catalogue/the-endless-kingdom_568/index.html
The Distant Empire,58.41,1,In stock,21,Young Adult,https://books.toscrape.com/catalogue/the-distant-empire_569/index.html
The Distant Storm,24.52,5,In stock,11,Fiction,https://books.toscrape.com/catalogue/the-distant-storm_570/index.html
The Silent Promise,50.49,2,In stock,26,Business,https://books.toscrape.com/catalogue/the-silent-promise_571/index.html
The Scarlet Key,19.25,2,In stock,30,Horror,https://books.toscrape.com/catalogue/the-scarlet-key_572/index.html
The Hidden Kingdom,52.58,4,In stock,18,Mystery,https://books.toscrape.com/catalogue/the-hidden-kingdom_573/index.html
The Shattered Chronicle,30.99,4,In stock,16,Fiction,https://books.toscrape.com/catalogue/the-shattered-chronicle_574/index.html
The Midnight Voyage,44.68,4,In stock,15,Young Adult,https://books.toscrape.com/catalogue/the-midnight-voyage_575/index.html
The Crimson Key,39.35,2,In stock,18,Biography,https://books.toscrape.com/catalogue/the-crimson-key_576/index.html
"The Shattered Chronicle, Book 5",61.1,4,In stock,20,Historical Fiction,https://books.toscrape.com/catalogue/the-shattered-chronicle-book-5_577/index.html
The Endless Empire,55.35,5,In stock,25,Travel,https://books.toscrape.com/catalogue/the-endless-empire_578/index.html
The Frozen Journey,28.18,3,In stock,2,Science Fiction,https://books.toscrape.com/catalogue/the-frozen-journey_579/index.html
The Golden Promise,20.71,2,In stock,13,Fantasy,https://books.toscrape.com/catalogue/the-golden-promise_580/index.html
The Scarlet Flame,33.45,3,In stock,30,Business,https://books.toscrape.com/catalogue/the-scarlet-flame_581/index.html
The Secret Echo,50.67,1,In stock,29,Philosophy,https://books.toscrape.com/catalogue/the-secret-echo_582/index.html
The Lost Symphony,26.2,5,In stock,10,Fiction,https://books.toscrape.com/catalogue/the-lost-symphony_583/index.html
The Last Storm,24.09,2,In stock,22,Nonfiction,https://books.toscrape.com/catalogue/the-last-storm_584/index.html
The Endless Portrait,45.88,4,In stock,19,Mystery,https://books.toscrape.com/catalogue/the-endless-portrait_585/index.html
The Shattered Chronicle,22.64,5,In stock,11,Historical Fiction,https://books.toscrape.com/catalogue/the-shattered-chronicle_586/index.html
The Forgotten Voyage,63.13,5,Out of stock,,Poetry,https://books.toscrape.com/catalogue/the-forgotten-voyage_587/index.html
The Shattered Harbor,31.08,5,In stock,13,Historical Fiction,https://books.toscrape.com/catalogue/the-shattered-harbor_588/index.html
The Frozen Horizon,35.71,3,Out of stock,,Poetry,https://books.toscrape.com/catalogue/the-frozen-horizon_589/index.html
The Quiet Garden,27.85,3,In stock,1,Science,https://books.toscrape.com/catalogue/the-quiet-garden_590/index.html
The Crimson Voyage,20.61,5,In stock,5,Business,https://books.toscrape.com/catalogue/the-crimson-voyage_591/index.html
The Crimson Symphony,52.61,3,In stock,30,Fantasy,https://books.toscrape.com/catalogue/the-crimson-symphony_592/index.html
The Secret River,43.61,4,In stock,27,Horror,https://books.toscrape.com/catalogue/the-secret-river_593/index.html
The Broken Key,41.44,4,In stock,25,Fiction,https://books.toscrape.com/catalogue/the-broken-key_594/index.html
The Whispering Symphony,60.11,3,In stock,21,Historical Fiction,https://books.toscrape.com/catalogue/the-whispering-symphony_595/index.html
The Quiet Garden,26.99,3,In stock,5,Travel,https://books.toscrape.com/catalogue/the-quiet-garden_596/index.html
The Whispering Flame,47.86,1,In stock,20,Mystery,https://books.toscrape.com/catalogue/the-whispering-flame_597/index.html
"The Burning Flame, Book 4",23.26,5,In stock,24,Romance,https://books.toscrape.com/catalogue/the-burning-flame-book-4_598/index.html
The Hidden Voyage,37.41,3,In stock,16,Nonfiction,https://books.toscrape.com/catalogue/the-hidden-voyage_599/index.html
The Frozen Storm,48.04,4,In stock,8,Travel,https://books.toscrape.com/catalogue/the-frozen-storm_600/index.html
The Last Horizon,41.7,4,In stock,12,Science Fiction,https://books.toscrape.com/catalogue/the-last-horizon_601/index.html
The Shattered Storm,51.84,4,In stock,27,Business,https://books.toscrape.com/catalogue/the-shattered-storm_602/index.html
"The Midnight Key, Book 1",26.22,5,In stock,28,Science,https://books.toscrape.com/catalogue/the-midnight-key-book-1_603/index.html
The Last Shadow,67.52,5,In stock,1,Fantasy,https://books.toscrape.com/catalogue/the-last-shadow_604/index.html
The Whispering Shadow,22.03,1,In stock,17,Poetry,https://books.toscrape.com/catalogue/the-whispering-shadow_605/index.html
The Crimson Voyage,53.94,5,In stock,29,Young Adult,https://books.toscrape.com/catalogue/the-crimson-voyage_606/index.html
The Wandering Kingdom,54.67,3,In stock,21,Fiction,https://books.toscrape.com/catalogue/the-wandering-kingdom_607/index.html
The Silent River,60.53,4,In stock,10,Romance,https://books.toscrape.com/catalogue/the-silent-river_608/index.html
The Eternal Legacy,20.63,5,In stock,18,Biography,https://books.toscrape.com/catalogue/the-eternal-legacy_609/index.html
The Last Promise,47.94,4,Out of stock,,Poetry,https://books.toscrape.com/catalogue/the-last-promise_610/index.html
The Distant Empire,29.75,2,In stock,8,Young Adult,https://books.toscrape.com/catalogue/the-distant-empire_611/index.html
The Wandering Horizon,36.86,3,Out of stock,,Travel,https://books.toscrape.com/catalogue/the-wandering-horizon_612/index.html
The Frozen Horizon,46.22,5,In stock,22,Science Fiction,https://books.toscrape.com/catalogue/the-frozen-horizon_613/index.html
The Quiet Legacy,63.17,2,In stock,18,Business,https://books.toscrape.com/catalogue/the-quiet-legacy_614/index.html
The Golden Storm,58.91,4,In stock,23,Business,https://books.toscrape.com/catalogue/the-golden-storm_615/index.html
The Wandering Journey,29.09,5,In stock,11,Science,https://books.toscrape.com/catalogue/the-wandering-journey_616/index.html
The Last Voyage,30.4,2,In stock,25,Young Adult,https://books.toscrape.com/catalogue/the-last-voyage_617/index.html
The Whispering Harbor,63.55,3,Out of stock,,Romance,https://books.toscrape.com/catalogue/the-whispering-harbor_618/index.html
The Crimson Journey,16.25,2,In stock,20,Nonfiction,https://books.toscrape.com/catalogue/the-crimson-journey_619/index.html
The Burning Key,13.28,3,In stock,5,Fantasy,https://books.toscrape.com/catalogue/the-burning-key_620/index.html
The Wandering Key,57.06,3,In stock,7,Travel,https://books.toscrape.com/catalogue/the-wandering-key_621/index.html
The Endless Kingdom,62.24,5,In stock,7,Fiction,https://books.toscrape.com/catalogue/the-endless-kingdom_622/index.html
The Secret River,40.25,5,In stock,8,Poetry,https://books.toscrape.com/catalogue/the-secret-river_623/index.html
The Lost Labyrinth,33.52,4,In stock,24,Business,https://books.toscrape.com/catalogue/the-lost-labyrinth_624/index.html
The Burning Key,57.05,5,In stock,27,Travel,https://books.toscrape.com/catalogue/the-burning-key_625/index.html
The Hidden Legacy,18.34,5,In stock,2,Historical Fiction,https://books.toscrape.com/catalogue/the-hidden-legacy_626/index.html
The Secret Mirror,55.65,3,In stock,20,Science,https://books.toscrape.com/catalogue/the-secret-mirror_627/index.html
The Hidden Flame,42.31,5,In stock,25,Poetry,https://books.toscrape.com/catalogue/the-hidden-flame_628/index.html
"The Burning Voyage, Book 4",25.67,4,In stock,7,Science Fiction,https://books.toscrape.com/catalogue/the-burning-voyage-book-4_629/index.html
The Midnight River,48.89,4,In stock,3,Young Adult,https://books.toscrape.com/catalogue/the-midnight-river_630/index.html
The Broken Chronicle,37.53,4,In stock,6,Nonfiction,https://books.toscrape.com/catalogue/the-broken-chronicle_631/index.html
The Eternal Voyage,31.24,2,In stock,6,Horror,https://books.toscrape.com/catalogue/the-eternal-voyage_632/index.html
The Golden Promise,31.59,3,In stock,21,Fiction,https://books.toscrape.com/catalogue/the-golden-promise_633/index.html
The Forgotten Shadow,48.79,1,In stock,16,Fantasy,https://books.toscrape.com/catalogue/the-forgotten-shadow_634/index.html
The Frozen Garden,43.8,3,In stock,3,Poetry,https://books.toscrape.com/catalogue/the-frozen-garden_635/index.html
"The Quiet Key, Book 5",46.48,4,In stock,5,Romance,https://books.toscrape.com/catalogue/the-quiet-key-book-5_636/index.html
"The Hidden Symphony, Book 1",44.81,4,In stock,4,Travel,https://books.toscrape.com/catalogue/the-hidden-symphony-book-1_637/index.html
The Lost Promise,51.34,4,In stock,6,Romance,https://books.toscrape.com/catalogue/the-lost-promise_638/index.html
The Midnight Portrait,27.44,2,In stock,3,Fiction,https://books.toscrape.com/catalogue/the-midnight-portrait_639/index.html
"The Lost Voyage, Book 4",55.29,2,In stock,7,Mystery,https://books.toscrape.com/catalogue/the-lost-voyage-book-4_640/index.html
"The Secret Key, Book 5",39.82,5,In stock,20,Young Adult,https://books.toscrape.com/catalogue/the-secret-key-book-5_641/index.html
The Distant Harbor,44.0,3,Out of stock,,Science Fiction,https://books.toscrape.com/catalogue/the-distant-harbor_642/index.html
The Quiet Portrait,38.06,4,In stock,23,Young Adult,https://books.toscrape.com/catalogue/the-quiet-portrait_643/index.html
"The Distant Storm, Book 1",24.68,4,In stock,14,Poetry,https://books.toscrape.com/catalogue/the-distant-storm-book-1_644/index.html
The Lost Kingdom,29.52,5,In stock,9,Biography,https://books.toscrape.com/catalogue/the-lost-kingdom_645/index.html
The Last Mirror,15.92,3,In stock,24,Biography,https://books.toscrape.com/catalogue/the-last-mirror_646/index.html
The Burning Key,28.88,2,In stock,30,Philosophy,https://books.toscrape.com/catalogue/the-burning-key_647/index.html
The Scarlet Kingdom,37.49,2,In stock,15,Poetry,https://books.toscrape.com/catalogue/the-scarlet-kingdom_648/index.html
The Lost Kingdom,50.35,4,In stock,19,Romance,https://books.toscrape.com/catalogue/the-lost-kingdom_649/index.html
"The Whispering Symphony, Book 2",33.21,5,In stock,6,Romance,https://books.toscrape.com/catalogue/the-whispering-symphony-book-2_650/index.html
The Burning Key,51.35,2,In stock,23,Business,https://books.toscrape.com/catalogue/the-burning-key_651/index.html
The Hidden Horizon,39.37,5,In stock,17,Poetry,https://books.toscrape.com/catalogue/the-hidden-horizon_652/index.html
"The Distant Promise, Book 1",19.17,3,In stock,29,Horror,https://books.toscrape.com/catalogue/the-distant-promise-book-1_653/index.html
The Wandering Journey,58.18,4,In stock,25,Science,https://books.toscrape.com/catalogue/the-wandering-journey_654/index.html
The Broken Flame,15.65,3,In stock,4,Mystery,https://books.toscrape.com/catalogue/the-broken-flame_655/index.html
The Silent Mirror,59.43,5,In stock,4,Travel,https://books.toscrape.com/catalogue/the-silent-mirror_656/index.html
"The Wandering Mirror, Book 3",30.47,5,In stock,11,Travel,https://books.toscrape.com/catalogue/the-wandering-mirror-book-3_657/index.html
The Midnight Shadow,16.0,3,In stock,7,Mystery,https://books.toscrape.com/catalogue/the-midnight-shadow_658/index.html
The Frozen Symphony,47.35,2,In stock,3,Romance,https://books.toscrape.com/catalogue/the-frozen-symphony_659/index.html
The Distant Key,20.83,3,In stock,4,Biography,https://books.toscrape.com/catalogue/the-distant-key_660/index.html
"The Eternal Kingdom, Book 4",61.6,4,In stock,15,Mystery,https://books.toscrape.com/catalogue/the-eternal-kingdom-book-4_661/index.html
The Quiet Symphony,52.16,2,In stock,30,Philosophy,https://books.toscrape.com/catalogue/the-quiet-symphony_662/index.html
"The Midnight Portrait, Book 4",51.91,4,In stock,8,Nonfiction,https://books.toscrape.com/catalogue/the-midnight-portrait-book-4_663/index.html
The Endless Journey,30.77,3,In stock,11,Business,https://books.toscrape.com/catalogue/the-endless-journey_664/index.html
The Whispering Chronicle,33.26,4,In stock,25,Nonfiction,https://books.toscrape.com/catalogue/the-whispering-chronicle_665/index.html
The Shattered Key,55.06,2,In stock,21,Biography,https://books.toscrape.com/catalogue/the-shattered-key_666/index.html
The Last Mirror,25.88,4,In stock,16,Historical Fiction,https://books.toscrape.com/catalogue/the-last-mirror_667/index.html
The Eternal River,41.4,4,In stock,11,Philosophy,https://books.toscrape.com/catalogue/the-eternal-river_668/index.html
The Frozen Legacy,58.19,1,In stock,19,Travel,https://books.toscrape.com/catalogue/the-frozen-legacy_669/index.html
The Quiet Chronicle,30.87,5,In stock,4,Nonfiction,https://books.toscrape.com/catalogue/the-quiet-chronicle_670/index.html
The Quiet Labyrinth,23.06,4,In stock,29,Travel,https://books.toscrape.com/catalogue/the-quiet-labyrinth_671/index.html
The Silent Journey,36.12,4,In stock,22,Poetry,https://books.toscrape.com/catalogue/the-silent-journey_672/index.html
The Whispering Mirror,65.42,4,In stock,30,Science,https://books.toscrape.com/catalogue/the-whispering-mirror_673/index.html
The Shattered River,33.99,5,In stock,12,Business,https://books.toscrape.com/catalogue/the-shattered-river_674/index.html
"The Frozen Kingdom, Book 5",20.81,5,In stock,14,Philosophy,https://books.toscrape.com/catalogue/the-frozen-kingdom-book-5_675/index.html
The Burning Labyrinth,33.85,3,In stock,16,Young Adult,https://books.toscrape.com/catalogue/the-burning-labyrinth_676/index.html
The Golden Storm,56.04,5,Out of stock,,Philosophy,https://books.toscrape.com/catalogue/the-golden-storm_677/index.html
"The Golden Journey, Book 1",39.83,4,Out of stock,,Mystery,https://books.toscrape.com/catalogue/the-golden-journey-book-1_678/index.html
The Last Journey,64.13,5,Out of stock,,Historical Fiction,https://books.toscrape.com/catalogue/the-last-journey_679/index.html
The Quiet Promise,37.34,4,In stock,20,Historical Fiction,https://books.toscrape.com/catalogue/the-quiet-promise_680/index.html
The Silent Portrait,39.05,3,In stock,12,Young Adult,https://books.toscrape.com/catalogue/the-silent-portrait_681/index.html
The Hidden Kingdom,46.28,3,In stock,24,Young Adult,https://books.toscrape.com/catalogue/the-hidden-kingdom_682/index.html
The Wandering Horizon,44.47,4,In stock,22,Nonfiction,https://books.toscrape.com/catalogue/the-wandering-horizon_683/index.html
The Last Voyage,61.46,4,In stock,15,Romance,https://books.toscrape.com/catalogue/the-last-voyage_684/index.html
The Wandering Echo,64.32,3,In stock,2,Science Fiction,https://books.toscrape.com/catalogue/the-wandering-echo_685/index.html
The Quiet Mirror,46.43,3,In stock,22,Business,https://books.toscrape.com/catalogue/the-quiet-mirror_686/index.html
"The Distant Key, Book 4",17.98,2,In stock,20,Nonfiction,https://books.toscrape.com/catalogue/the-distant-key-book-4_687/index.html
The Crimson Horizon,49.47,4,In stock,22,Fiction,https://books.toscrape.com/catalogue/the-crimson-horizon_688/index.html
The Midnight Symphony,26.12,5,In stock,2,Romance,https://books.toscrape.com/catalogue/the-midnight-symphony_689/index.html
The Whispering River,25.17,5,Out of stock,,Business,https://books.toscrape.com/catalogue/the-whispering-river_690/index.html
The Eternal Legacy,28.42,4,In stock,21,Young Adult,https://books.toscrape.com/catalogue/the-eternal-legacy_691/index.html
"The Crimson Shadow, Book 4",43.4,4,Out of stock,,Historical Fiction,https://books.toscrape.com/catalogue/the-crimson-shadow-book-4_692/index.html
The Endless Labyrinth,26.22,4,In stock,30,Historical Fiction,https://books.toscrape.com/catalogue/the-endless-labyrinth_693/index.html
The Midnight Labyrinth,21.39,4,In stock,28,Biography,https://books.toscrape.com/catalogue/the-midnight-labyrinth_694/index.html
The Lost Key,29.83,3,In stock,19,Philosophy,https://books.toscrape.com/catalogue/the-lost-key_695/index.html
The Eternal Chronicle,49.72,3,In stock,22,Young Adult,https://books.toscrape.com/catalogue/the-eternal-chronicle_696/index.html
The Forgotten Empire,14.72,1,In stock,22,Travel,https://books.toscrape.com/catalogue/the-forgotten-empire_697/index.html
The Midnight Symphony,16.92,3,In stock,20,Romance,https://books.toscrape.com/catalogue/the-midnight-symphony_698/index.html
The Secret Key,22.87,5,In stock,25,Young Adult,https://books.toscrape.com/catalogue/the-secret-key_699/index.html
The Burning Promise,28.37,2,In stock,15,Young Adult,https://books.toscrape.com/catalogue/the-burning-promise_700/index.html
The Crimson Harbor,30.29,5,In stock,25,Travel,https://books.toscrape.com/catalogue/the-crimson-harbor_701/index.html
The Hidden Labyrinth,53.21,3,In stock,30,Fiction,https://books.toscrape.com/catalogue/the-hidden-labyrinth_702/index.html
The Secret Key,25.34,4,In stock,21,Travel,https://books.toscrape.com/catalogue/the-secret-key_703/index.html
The Broken Chronicle,15.48,1,In stock,1,Nonfiction,https://books.toscrape.com/catalogue/the-broken-chronicle_704/index.html
The Scarlet Journey,48.39,5,In stock,29,Fiction,https://books.toscrape.com/catalogue/the-scarlet-journey_705/index.html
"The Eternal Portrait, Book 4",58.39,3,In stock,18,Poetry,https://books.toscrape.com/catalogue/the-eternal-portrait-book-4_706/index.html
The Endless Garden,42.28,5,Out of stock,,Young Adult,https://books.toscrape.com/catalogue/the-endless-garden_707/index.html
The Shattered Empire,61.64,1,In stock,28,Historical Fiction,https://books.toscrape.com/catalogue/the-shattered-empire_708/index.html
The Whispering River,46.66,5,In stock,13,Horror,https://books.toscrape.com/catalogue/the-whispering-river_709/index.html
The Secret Mirror,47.39,2,In stock,15,Science,https://books.toscrape.com/catalogue/the-secret-mirror_710/index.html
"The Secret Journey, Book 1",28.31,5,In stock,21,Young Adult,https://books.toscrape.com/catalogue/the-secret-journey-book-1_711/index.html
The Distant Echo,60.99,5,In stock,11,Philosophy,https://books.toscrape.com/catalogue/the-distant-echo_712/index.html
"The Hidden Labyrinth, Book 5",61.38,5,In stock,8,Poetry,https://books.toscrape.com/catalogue/the-hidden-labyrinth-book-5_713/index.html
The Last Kingdom,42.91,4,In stock,23,Poetry,https://books.toscrape.com/catalogue/the-last-kingdom_714/index.html
The Golden Garden,54.51,5,In stock,27,Fiction,https://books.toscrape.com/catalogue/the-golden-garden_715/index.html
The Burning River,43.21,2,In stock,7,Nonfiction,https://books.toscrape.com/catalogue/the-burning-river_716/index.html
The Lost Empire,36.02,4,In stock,5,Young Adult,https://books.toscrape.com/catalogue/the-lost-empire_717/index.html
The Whispering Storm,15.26,2,In stock,6,Business,https://books.toscrape.com/catalogue/the-whispering-storm_718/index.html
The Shattered Voyage,15.53,5,In stock,20,Fantasy,https://books.toscrape.com/catalogue/the-shattered-voyage_719/index.html
"The Eternal Promise, Book 4",19.65,1,In stock,29,Nonfiction,https://books.toscrape.com/catalogue/the-eternal-promise-book-4_720/index.html
The Distant Harbor,49.18,5,In stock,17,Horror,https://books.toscrape.com/catalogue/the-distant-harbor_721/index.html
The Midnight Harbor,15.32,4,In stock,3,Mystery,https://books.toscrape.com/catalogue/the-midnight-harbor_722/index.html
The Distant Symphony,20.56,3,In stock,12,Biography,https://books.toscrape.com/catalogue/the-distant-symphony_723/index.html
The Frozen Flame,22.83,4,In stock,5,Horror,https://books.toscrape.com/catalogue/the-frozen-flame_724/index.html
The Scarlet Echo,18.84,5,In stock,9,Travel,https://books.toscrape.com/catalogue/the-scarlet-echo_725/index.html
The Whispering Key,17.64,4,In stock,6,Horror,https://books.toscrape.com/catalogue/the-whispering-key_726/index.html
The Silent Echo,54.5,5,In stock,7,Nonfiction,https://books.toscrape.com/catalogue/the-silent-echo_727/index.html
The Whispering Legacy,25.83,3,In stock,29,Science Fiction,https://books.toscrape.com/catalogue/the-whispering-legacy_728/index.html
The Endless River,32.73,1,In stock,6,Poetry,https://books.toscrape.com/catalogue/the-endless-river_729/index.html
"The Eternal Symphony, Book 2",27.0,3,In stock,19,Travel,https://books.toscrape.com/catalogue/the-eternal-symphony-book-2_730/index.html
"The Hidden Horizon, Book 4",50.84,3,In stock,6,Poetry,https://books.toscrape.com/catalogue/the-hidden-horizon-book-4_731/index.html
The Quiet Promise,25.39,5,In stock,7,Biography,https://books.toscrape.com/catalogue/the-quiet-promise_732/index.html
The Burning Echo,33.65,1,In stock,14,Romance,https://books.toscrape.com/catalogue/the-burning-echo_733/index.html
The Burning Legacy,67.17,5,In stock,2,Business,https://books.toscrape.com/catalogue/the-burning-legacy_734/index.html
The Hidden Echo,38.01,1,In stock,27,Biography,https://books.toscrape.com/catalogue/the-hidden-echo_735/index.html
The Broken Chronicle,18.48,4,Out of stock,,Nonfiction,https://books.toscrape.com/catalogue/the-broken-chronicle_736/index.html
The Golden Symphony,19.99,5,In stock,15,Travel,https://books.toscrape.com/catalogue/the-golden-symphony_737/index.html
"The Burning Portrait, Book 4",60.26,5,In stock,12,Poetry,https://books.toscrape.com/catalogue/the-burning-portrait-book-4_738/index.html
The Midnight Garden,49.22,3,In stock,25,Nonfiction,https://books.toscrape.com/catalogue/the-midnight-garden_739/index.html
The Crimson Key,49.46,3,In stock,30,Horror,https://books.toscrape.com/catalogue/the-crimson-key_740/index.html
The Hidden Flame,16.38,3,In stock,2,Travel,https://books.toscrape.com/catalogue/the-hidden-flame_741/index.html
The Shattered Symphony,46.23,4,In stock,11,Biography,https://books.toscrape.com/catalogue/the-shattered-symphony_742/index.html
"The Endless Voyage, Book 4",51.1,5,In stock,24,Young Adult,https://books.toscrape.com/catalogue/the-endless-voyage-book-4_743/index.html
The Endless Empire,33.58,4,In stock,15,Romance,https://books.toscrape.com/catalogue/the-endless-empire_744/index.html
The Scarlet Flame,45.2,4,In stock,15,Nonfiction,https://books.toscrape.com/catalogue/the-scarlet-flame_745/index.html
The Quiet Symphony,60.2,5,In stock,15,Young Adult,https://books.toscrape.com/catalogue/the-quiet-symphony_746/index.html
The Last River,59.99,3,In stock,23,Mystery,https://books.toscrape.com/catalogue/the-last-river_747/index.html
The Golden Echo,45.71,4,Out of stock,,Fantasy,https://books.toscrape.com/catalogue/the-golden-echo_748/index.html
The Frozen Journey,45.48,3,In stock,28,Historical Fiction,https://books.toscrape.com/catalogue/the-frozen-journey_749/index.html
The Endless Flame,51.08,4,In stock,22,Historical Fiction,https://books.toscrape.com/catalogue/the-endless-flame_750/index.html
The Wandering Voyage,59.37,4,In stock,8,Romance,https://books.toscrape.com/catalogue/the-wandering-voyage_751/index.html
The Scarlet Symphony,22.76,5,Out of stock,,Horror,https://books.toscrape.com/catalogue/the-scarlet-symphony_752/index.html
The Quiet Promise,22.6,2,In stock,26,Romance,https://books.toscrape.com/catalogue/the-quiet-promise_753/index.html
The Golden Promise,45.64,5,In stock,7,Fiction,https://books.toscrape.com/catalogue/the-golden-promise_754/index.html
The Frozen Kingdom,37.32,2,In stock,4,Science Fiction,https://books.toscrape.com/catalogue/the-frozen-kingdom_755/index.html
The Silent Labyrinth,35.18,2,In stock,24,Horror,https://books.toscrape.com/catalogue/the-silent-labyrinth_756/index.html
The Frozen Flame,62.12,3,In stock,19,Young Adult,https://books.toscrape.com/catalogue/the-frozen-flame_757/index.html
The Golden Portrait,50.35,3,In stock,5,Science,https://books.toscrape.com/catalogue/the-golden-portrait_758/index.html
The Frozen Shadow,25.88,4,In stock,20,Historical Fiction,https://books.toscrape.com/catalogue/the-frozen-shadow_759/index.html
The Secret Portrait,26.62,5,In stock,15,Horror,https://books.toscrape.com/catalogue/the-secret-portrait_760/index.html
The Last Flame,47.41,3,In stock,12,Poetry,https://books.toscrape.com/catalogue/the-last-flame_761/index.html
The Eternal Journey,31.85,3,In stock,15,Historical Fiction,https://books.toscrape.com/catalogue/the-eternal-journey_762/index.html
The Frozen River,65.95,3,In stock,26,Science,https://books.toscrape.com/catalogue/the-frozen-river_763/index.html
"The Lost Harbor, Book 5",23.29,2,In stock,11,Business,https://books.toscrape.com/catalogue/the-lost-harbor-book-5_764/index.html
The Last Portrait,42.99,1,In stock,15,Nonfiction,https://books.toscrape.com/catalogue/the-last-portrait_765/index.html
The Burning Journey,39.45,3,In stock,27,Philosophy,https://books.toscrape.com/catalogue/the-burning-journey_766/index.html
The Burning Mirror,13.36,4,In stock,21,Young Adult,https://books.toscrape.com/catalogue/the-burning-mirror_767/index.html
The Scarlet Shadow,25.91,3,In stock,1,Science,https://books.toscrape.com/catalogue/the-scarlet-shadow_768/index.html
The Broken Horizon,33.93,4,In stock,9,Nonfiction,https://books.toscrape.com/catalogue/the-broken-horizon_769/index.html
The Scarlet Shadow,55.57,4,In stock,11,Young Adult,https://books.toscrape.com/catalogue/the-scarlet-shadow_770/index.html
The Midnight Journey,37.95,3,In stock,10,Fiction,https://books.toscrape.com/catalogue/the-midnight-journey_771/index.html
The Distant Flame,51.79,4,In stock,25,Nonfiction,https://books.toscrape.com/catalogue/the-distant-flame_772/index.html
The Forgotten Voyage,49.76,5,In stock,23,Science Fiction,https://books.toscrape.com/catalogue/the-forgotten-voyage_773/index.html
The Shattered Shadow,18.33,5,In stock,16,Science Fiction,https://books.toscrape.com/catalogue/the-shattered-shadow_774/index.html
The Lost Empire,19.61,2,In stock,29,Mystery,https://books.toscrape.com/catalogue/the-lost-empire_775/index.html
The Frozen Key,55.15,5,In stock,14,Biography,https://books.toscrape.com/catalogue/the-frozen-key_776/index.html
"The Midnight River, Book 2",29.29,1,In stock,15,Science,https://books.toscrape.com/catalogue/the-midnight-river-book-2_777/index.html
The Quiet Flame,29.21,2,In stock,5,Science Fiction,https://books.toscrape.com/catalogue/the-quiet-flame_778/index.html
The Golden Legacy,17.69,2,In stock,3,Fantasy,https://books.toscrape.com/catalogue/the-golden-legacy_779/index.html
The Silent Echo,15.28,2,In stock,16,Fiction,https://books.toscrape.com/catalogue/the-silent-echo_780/index.html
"The Broken Horizon, Book 3",15.57,1,In stock,19,Travel,https://books.toscrape.com/catalogue/the-broken-horizon-book-3_781/index.html
The Secret Promise,57.06,2,Out of stock,,Fiction,https://books.toscrape.com/catalogue/the-secret-promise_782/index.html
The Shattered Symphony,48.2,5,In stock,27,Biography,https://books.toscrape.com/catalogue/the-shattered-symphony_783/index.html
The Burning Garden,28.7,2,In stock,24,Young Adult,https://books.toscrape.com/catalogue/the-burning-garden_784/index.html
The Broken Storm,35.04,4,In stock,4,Philosophy,https://books.toscrape.com/catalogue/the-broken-storm_785/index.html
The Forgotten Symphony,23.55,3,Out of stock,,Historical Fiction,https://books.toscrape.com/catalogue/the-forgotten-symphony_786/index.html
"The Broken Chronicle, Book 2",53.31,5,In stock,11,Poetry,https://books.toscrape.com/catalogue/the-broken-chronicle-book-2_787/index.html
The Scarlet Shadow,35.41,4,In stock,18,Poetry,https://books.toscrape.com/catalogue/the-scarlet-shadow_788/index.html
The Lost Mirror,17.84,2,In stock,22,Historical Fiction,https://books.toscrape.com/catalogue/the-lost-mirror_789/index.html
"The Shattered Promise, Book 4",35.54,2,In stock,5,Travel,https://books.toscrape.com/catalogue/the-shattered-promise-book-4_790/index.html
The Eternal Labyrinth,57.97,4,In stock,7,Nonfiction,https://books.toscrape.com/catalogue/the-eternal-labyrinth_791/index.html
The Whispering Storm,55.81,2,In stock,23,Historical Fiction,https://books.toscrape.com/catalogue/the-whispering-storm_792/index.html
The Burning Portrait,63.22,5,In stock,13,Horror,https://books.toscrape.com/catalogue/the-burning-portrait_793/index.html
The Scarlet Flame,22.02,4,In stock,5,Horror,https://books.toscrape.com/catalogue/the-scarlet-flame_794/index.html
The Silent Shadow,46.35,1,In stock,22,Philosophy,https://books.toscrape.com/catalogue/the-silent-shadow_795/index.html
The Whispering Journey,17.83,2,In stock,26,Business,https://books.toscrape.com/catalogue/the-whispering-journey_796/index.html
The Midnight Storm,27.83,4,In stock,18,Poetry,https://books.toscrape.com/catalogue/the-midnight-storm_797/index.html
The Silent Kingdom,34.83,5,In stock,15,Science,https://books.toscrape.com/catalogue/the-silent-kingdom_798/index.html
The Hidden Kingdom,34.71,5,In stock,5,Travel,https://books.toscrape.com/catalogue/the-hidden-kingdom_799/index.html
The Distant Labyrinth,40.96,4,In stock,16,Nonfiction,https://books.toscrape.com/catalogue/the-distant-labyrinth_800/index.html
The Scarlet Voyage,24.85,1,In stock,22,Biography,https://books.toscrape.com/catalogue/the-scarlet-voyage_801/index.html
The Shattered Mirror,21.34,4,In stock,19,Fiction,https://books.toscrape.com/catalogue/the-shattered-mirror_802/index.html
The Silent Empire,31.48,3,In stock,8,Historical Fiction,https://books.toscrape.com/catalogue/the-silent-empire_803/index.html
The Endless Mirror,56.36,4,In stock,18,Science,https://books.toscrape.com/catalogue/the-endless-mirror_804/index.html
The Whispering Kingdom,39.77,3,In stock,16,Philosophy,https://books.toscrape.com/catalogue/the-whispering-kingdom_805/index.html
The Burning Garden,28.9,4,In stock,23,Historical Fiction,https://books.toscrape.com/catalogue/the-burning-garden_806/index.html
The Secret Empire,35.63,5,In stock,14,Horror,https://books.toscrape.com/catalogue/the-secret-empire_807/index.html
The Secret Echo,53.44,1,In stock,10,Horror,https://books.toscrape.com/catalogue/the-secret-echo_808/index.html
The Burning Labyrinth,23.35,4,In stock,11,Business,https://books.toscrape.com/catalogue/the-burning-labyrinth_809/index.html
The Crimson River,28.85,4,In stock,10,Biography,https://books.toscrape.com/catalogue/the-crimson-river_810/index.html
The Wandering Mirror,33.72,3,In stock,22,Biography,https://books.toscrape.com/catalogue/the-wandering-mirror_811/index.html
The Frozen Promise,59.75,4,In stock,27,Travel,https://books.toscrape.com/catalogue/the-frozen-promise_812/index.html
The Midnight Horizon,64.21,5,Out of stock,,Biography,https://books.toscrape.com/catalogue/the-midnight-horizon_813/index.html
The Hidden Flame,21.26,2,In stock,14,Poetry,https://books.toscrape.com/catalogue/the-hidden-flame_814/index.html
The Lost Empire,21.5,1,In stock,21,Science,https://books.toscrape.com/catalogue/the-lost-empire_815/index.html
The Forgotten Horizon,18.33,3,In stock,27,Fantasy,https://books.toscrape.com/catalogue/the-forgotten-horizon_816/index.html
The Distant Chronicle,57.99,3,In stock,1,Historical Fiction,https://books.toscrape.com/catalogue/the-distant-chronicle_817/index.html
The Crimson Horizon,19.89,4,In stock,2,Mystery,https://books.toscrape.com/catalogue/the-crimson-horizon_818/index.html
The Last Empire,60.05,1,In stock,29,Philosophy,https://books.toscrape.com/catalogue/the-last-empire_819/index.html
The Last Labyrinth,30.01,5,In stock,4,Young Adult,https://books.toscrape.com/catalogue/the-last-labyrinth_820/index.html
The Wandering Portrait,37.54,4,In stock,25,Science,https://books.toscrape.com/catalogue/the-wandering-portrait_821/index.html
The Whispering Empire,50.33,3,In stock,5,Young Adult,https://books.toscrape.com/catalogue/the-whispering-empire_822/index.html
The Broken Promise,27.75,3,In stock,12,Romance,https://books.toscrape.com/catalogue/the-broken-promise_823/index.html
The Broken Empire,67.2,4,Out of stock,,Poetry,https://books.toscrape.com/catalogue/the-broken-empire_824/index.html
The Shattered Echo,49.2,3,In stock,24,Philosophy,https://books.toscrape.com/catalogue/the-shattered-echo_825/index.html
The Hidden Legacy,61.6,3,In stock,4,Historical Fiction,https://books.toscrape.com/catalogue/the-hidden-legacy_826/index.html
The Frozen Legacy,60.39,1,In stock,10,Historical Fiction,https://books.toscrape.com/catalogue/the-frozen-legacy_827/index.html
The Last Legacy,64.61,5,In stock,25,Philosophy,https://books.toscrape.com/catalogue/the-last-legacy_828/index.html
The Lost Kingdom,64.24,5,In stock,27,Nonfiction,https://books.toscrape.com/catalogue/the-lost-kingdom_829/index.html
The Whispering Harbor,20.06,2,In stock,14,Philosophy,https://books.toscrape.com/catalogue/the-whispering-harbor_830/index.html
The Quiet Voyage,55.23,4,In stock,15,Poetry,https://books.toscrape.com/catalogue/the-quiet-voyage_831/index.html
The Golden Garden,40.96,3,In stock,23,Travel,https://books.toscrape.com/catalogue/the-golden-garden_832/index.html
The Golden Key,43.81,5,In stock,6,Horror,https://books.toscrape.com/catalogue/the-golden-key_833/index.html
The Burning Empire,30.95,2,In stock,27,Fantasy,https://books.toscrape.com/catalogue/the-burning-empire_834/index.html
"The Burning Legacy, Book 1",44.43,4,In stock,15,Science,https://books.toscrape.com/catalogue/the-burning-legacy-book-1_835/index.html
The Secret Horizon,42.6,1,In stock,12,Mystery,https://books.toscrape.com/catalogue/the-secret-horizon_836/index.html
"The Forgotten Portrait, Book 5",67.19,5,In stock,8,Historical Fiction,https://books.toscrape.com/catalogue/the-forgotten-portrait-book-5_837/index.html
The Secret Storm,31.84,5,In stock,28,Philosophy,https://books.toscrape.com/catalogue/the-secret-storm_838/index.html
The Secret Key,47.87,3,In stock,5,Philosophy,https://books.toscrape.com/catalogue/the-secret-key_839/index.html
The Silent Mirror,60.32,4,In stock,15,Fantasy,https://books.toscrape.com/catalogue/the-silent-mirror_840/index.html
The Last Garden,50.27,3,In stock,23,Philosophy,https://books.toscrape.com/catalogue/the-last-garden_841/index.html
The Lost Key,22.05,4,In stock,12,Nonfiction,https://books.toscrape.com/catalogue/the-lost-key_842/index.html
The Quiet Key,24.42,1,In stock,13,Horror,https://books.toscrape.com/catalogue/the-quiet-key_843/index.html
The Shattered Journey,19.81,1,In stock,11,Biography,https://books.toscrape.com/catalogue/the-shattered-journey_844/index.html
"The Midnight Journey, Book 5",17.02,2,In stock,28,Historical Fiction,https://books.toscrape.com/catalogue/the-midnight-journey-book-5_845/index.html
The Crimson Symphony,33.96,5,Out of stock,,Romance,https://books.toscrape.com/catalogue/the-crimson-symphony_846/index.html
The Wandering Empire,65.81,3,In stock,28,Mystery,https://books.toscrape.com/catalogue/the-wandering-empire_847/index.html
The Midnight Kingdom,14.85,3,In stock,14,Fiction,https://books.toscrape.com/catalogue/the-midnight-kingdom_848/index.html
"The Broken Echo, Book 3",35.79,4,In stock,5,Young Adult,https://books.toscrape.com/catalogue/the-broken-echo-book-3_849/index.html
"The Broken Symphony, Book 3",58.22,5,In stock,22,Mystery,https://books.toscrape.com/catalogue/the-broken-symphony-book-3_850/index.html
The Burning Storm,43.87,4,In stock,25,Fiction,https://books.toscrape.com/catalogue/the-burning-storm_851/index.html
The Scarlet Shadow,61.3,3,In stock,30,Fiction,https://books.toscrape.com/catalogue/the-scarlet-shadow_852/index.html
The Broken Empire,51.22,4,In stock,9,Nonfiction,https://books.toscrape.com/catalogue/the-broken-empire_853/index.html
The Quiet Garden,62.14,4,In stock,24,Fiction,https://books.toscrape.com/catalogue/the-quiet-garden_854/index.html
The Burning Journey,34.63,5,In stock,18,Fiction,https://books.toscrape.com/catalogue/the-burning-journey_855/index.html
"The Quiet Labyrinth, Book 3",52.44,3,In stock,7,Mystery,https://books.toscrape.com/catalogue/the-quiet-labyrinth-book-3_856/index.html
The Forgotten Labyrinth,60.95,4,In stock,26,Romance,https://books.toscrape.com/catalogue/the-forgotten-labyrinth_857/index.html
The Lost Mirror,47.6,2,In stock,16,Business,https://books.toscrape.com/catalogue/the-lost-mirror_858/index.html
The Midnight Labyrinth,19.89,4,In stock,6,Business,https://books.toscrape.com/catalogue/the-midnight-labyrinth_859/index.html
"The Lost Harbor, Book 5",52.8,5,In stock,30,Science Fiction,https://books.toscrape.com/catalogue/the-lost-harbor-book-5_860/index.html
The Scarlet Flame,34.73,2,In stock,10,Biography,https://books.toscrape.com/catalogue/the-scarlet-flame_861/index.html
The Golden Journey,41.61,5,In stock,3,Romance,https://books.toscrape.com/catalogue/the-golden-journey_862/index.html
"The Hidden Flame, Book 4",46.32,2,In stock,9,Historical Fiction,https://books.toscrape.com/catalogue/the-hidden-flame-book-4_863/index.html
The Burning River,44.8,2,In stock,13,Fiction,https://books.toscrape.com/catalogue/the-burning-river_864/index.html
The Hidden River,43.59,3,In stock,20,Young Adult,https://books.toscrape.com/catalogue/the-hidden-river_865/index.html
The Crimson Empire,23.84,5,Out of stock,,Philosophy,https://books.toscrape.com/catalogue/the-crimson-empire_866/index.html
The Crimson Shadow,16.68,1,In stock,23,Fiction,https://books.toscrape.com/catalogue/the-crimson-shadow_867/index.html
The Eternal Key,63.58,4,In stock,23,Romance,https://books.toscrape.com/catalogue/the-eternal-key_868/index.html
"The Eternal Mirror, Book 2",54.58,2,In stock,1,Fiction,https://books.toscrape.com/catalogue/the-eternal-mirror-book-2_869/index.html
The Secret Echo,58.75,3,In stock,3,Travel,https://books.toscrape.com/catalogue/the-secret-echo_870/index.html
"The Distant Chronicle, Book 4",59.08,2,In stock,16,Fiction,https://books.toscrape.com/catalogue/the-distant-chronicle-book-4_871/index.html
The Scarlet Garden,31.22,3,In stock,11,Business,https://books.toscrape.com/catalogue/the-scarlet-garden_872/index.html
The Silent Shadow,35.26,3,In stock,24,Young Adult,https://books.toscrape.com/catalogue/the-silent-shadow_873/index.html
"The Frozen Mirror, Book 4",55.71,4,In stock,28,Poetry,https://books.toscrape.com/catalogue/the-frozen-mirror-book-4_874/index.html
The Scarlet Legacy,40.43,1,In stock,21,Biography,https://books.toscrape.com/catalogue/the-scarlet-legacy_875/index.html
"The Lost Echo, Book 5",46.5,3,In stock,7,Travel,https://books.toscrape.com/catalogue/the-lost-echo-book-5_876/index.html
The Scarlet Symphony,58.99,3,In stock,27,Biography,https://books.toscrape.com/catalogue/the-scarlet-symphony_877/index.html
The Midnight Journey,66.65,4,In stock,24,Young Adult,https://books.toscrape.com/catalogue/the-midnight-journey_878/index.html
The Shattered Echo,24.12,2,In stock,16,Philosophy,https://books.toscrape.com/catalogue/the-shattered-echo_879/index.html
The Golden Promise,59.22,4,In stock,8,Business,https://books.toscrape.com/catalogue/the-golden-promise_880/index.html
"The Secret Voyage, Book 1",31.94,5,In stock,29,Science Fiction,https://books.toscrape.com/catalogue/the-secret-voyage-book-1_881/index.html
The Wandering Kingdom,43.1,3,In stock,9,Science Fiction,https://books.toscrape.com/catalogue/the-wandering-kingdom_882/index.html
The Whispering Symphony,27.39,5,In stock,17,Horror,https://books.toscrape.com/catalogue/the-whispering-symphony_883/index.html
The Quiet Shadow,62.08,5,In stock,4,Science,https://books.toscrape.com/catalogue/the-quiet-shadow_884/index.html
The Quiet Key,15.65,5,In stock,28,Nonfiction,https://books.toscrape.com/catalogue/the-quiet-key_885/index.html
The Secret Symphony,54.09,4,In stock,5,Romance,https://books.toscrape.com/catalogue/the-secret-symphony_886/index.html
The Shattered Empire,38.61,5,In stock,8,Nonfiction,https://books.toscrape.com/catalogue/the-shattered-empire_887/index.html
The Scarlet Empire,32.64,2,In stock,22,Mystery,https://books.toscrape.com/catalogue/the-scarlet-empire_888/index.html
The Endless Journey,27.72,3,In stock,14,Biography,https://books.toscrape.com/catalogue/the-endless-journey_889/index.html
The Midnight Flame,42.33,5,In stock,17,Science Fiction,https://books.toscrape.com/catalogue/the-midnight-flame_890/index.html
The Last River,21.33,5,In stock,22,Historical Fiction,https://books.toscrape.com/catalogue/the-last-river_891/index.html
"The Golden Portrait, Book 5",59.99,3,In stock,24,Romance,https://books.toscrape.com/catalogue/the-golden-portrait-book-5_892/index.html
"The Whispering Symphony, Book 3",63.62,4,In stock,7,Science,https://books.toscrape.com/catalogue/the-whispering-symphony-book-3_893/index.html
The Frozen Key,33.63,3,In stock,25,Travel,https://books.toscrape.com/catalogue/the-frozen-key_894/index.html
"The Secret Mirror, Book 5",52.72,3,In stock,18,Science Fiction,https://books.toscrape.com/catalogue/the-secret-mirror-book-5_895/index.html
"The Distant Storm, Book 5",51.13,4,In stock,26,Romance,https://books.toscrape.com/catalogue/the-distant-storm-book-5_896/index.html
The Frozen Portrait,58.7,5,In stock,2,Philosophy,https://books.toscrape.com/catalogue/the-frozen-portrait_897/index.html
The Shattered Horizon,52.59,2,In stock,19,Science Fiction,https://books.toscrape.com/catalogue/the-shattered-horizon_898/index.html
The Silent Chronicle,67.61,5,In stock,21,Fantasy,https://books.toscrape.com/catalogue/the-silent-chronicle_899/index.html
The Frozen Key,55.03,3,In stock,23,Romance,https://books.toscrape.com/catalogue/the-frozen-key_900/index.html
The Eternal Flame,45.56,3,In stock,4,Nonfiction,https://books.toscrape.com/catalogue/the-eternal-flame_901/index.html
The Golden Harbor,32.76,2,In stock,3,Nonfiction,https://books.toscrape.com/catalogue/the-golden-harbor_902/index.html
The Shattered Flame,33.85,4,In stock,14,Biography,https://books.toscrape.com/catalogue/the-shattered-flame_903/index.html
The Midnight Echo,20.99,5,In stock,5,Historical Fiction,https://books.toscrape.com/catalogue/the-midnight-echo_904/index.html
"The Wandering Flame, Book 2",56.88,4,In stock,4,Poetry,https://books.toscrape.com/catalogue/the-wandering-flame-book-2_905/index.html
"The Quiet Harbor, Book 3",38.35,3,In stock,12,Business,https://books.toscrape.com/catalogue/the-quiet-harbor-book-3_906/index.html
The Distant Mirror,51.88,2,Out of stock,,Horror,https://books.toscrape.com/catalogue/the-distant-mirror_907/index.html
The Distant Mirror,16.48,4,In stock,2,Philosophy,https://books.toscrape.com/catalogue/the-distant-mirror_908/index.html
The Lost Echo,31.91,4,In stock,27,Business,https://books.toscrape.com/catalogue/the-lost-echo_909/index.html
The Quiet Journey,55.42,4,In stock,24,Biography,https://books.toscrape.com/catalogue/the-quiet-journey_910/index.html
The Whispering River,38.56,4,In stock,2,Travel,https://books.toscrape.com/catalogue/the-whispering-river_911/index.html
The Midnight Horizon,14.76,2,In stock,10,Philosophy,https://books.toscrape.com/catalogue/the-midnight-horizon_912/index.html
The Frozen Shadow,44.24,2,In stock,19,Nonfiction,https://books.toscrape.com/catalogue/the-frozen-shadow_913/index.html
The Wandering Storm,27.88,5,In stock,1,Biography,https://books.toscrape.com/catalogue/the-wandering-storm_914/index.html
The Crimson Storm,42.32,5,In stock,11,Young Adult,https://books.toscrape.com/catalogue/the-crimson-storm_915/index.html
"The Eternal Portrait, Book 1",37.4,3,In stock,9,Science Fiction,https://books.toscrape.com/catalogue/the-eternal-portrait-book-1_916/index.html
The Last Shadow,19.22,2,In stock,10,Biography,https://books.toscrape.com/catalogue/the-last-shadow_917/index.html
"The Lost Promise, Book 3",14.2,1,In stock,14,Mystery,https://books.toscrape.com/catalogue/the-lost-promise-book-3_918/index.html
The Whispering Horizon,17.49,5,In stock,8,Philosophy,https://books.toscrape.com/catalogue/the-whispering-horizon_919/index.html
The Scarlet Flame,29.15,5,In stock,3,Historical Fiction,https://books.toscrape.com/catalogue/the-scarlet-flame_920/index.html
The Scarlet Garden,18.97,5,In stock,4,Fantasy,https://books.toscrape.com/catalogue/the-scarlet-garden_921/index.html
The Endless Voyage,32.34,3,In stock,7,Mystery,https://books.toscrape.com/catalogue/the-endless-voyage_922/index.html
The Golden Symphony,43.61,5,In stock,15,Mystery,https://books.toscrape.com/catalogue/the-golden-symphony_923/index.html
The Hidden Garden,45.99,4,In stock,30,Philosophy,https://books.toscrape.com/catalogue/the-hidden-garden_924/index.html
The Scarlet Horizon,68.7,4,In stock,27,Philosophy,https://books.toscrape.com/catalogue/the-scarlet-horizon_925/index.html
"The Wandering Mirror, Book 5",16.38,1,In stock,24,Business,https://books.toscrape.com/catalogue/the-wandering-mirror-book-5_926/index.html
The Frozen Horizon,62.42,4,In stock,11,Fantasy,https://books.toscrape.com/catalogue/the-frozen-horizon_927/index.html
The Crimson Chronicle,34.18,5,In stock,1,Travel,https://books.toscrape.com/catalogue/the-crimson-chronicle_928/index.html
The Golden Garden,50.27,5,In stock,23,Fiction,https://books.toscrape.com/catalogue/the-golden-garden_929/index.html
The Scarlet Labyrinth,50.45,5,In stock,27,Horror,https://books.toscrape.com/catalogue/the-scarlet-labyrinth_930/index.html
The Midnight Shadow,43.89,3,In stock,26,Philosophy,https://books.toscrape.com/catalogue/the-midnight-shadow_931/index.html
The Silent Shadow,14.44,2,In stock,22,Science,https://books.toscrape.com/catalogue/the-silent-shadow_932/index.html
"The Shattered Storm, Book 5",48.8,3,In stock,12,Travel,https://books.toscrape.com/catalogue/the-shattered-storm-book-5_933/index.html
The Hidden Horizon,24.02,4,In stock,13,Young Adult,https://books.toscrape.com/catalogue/the-hidden-horizon_934/index.html
The Broken Horizon,23.64,2,In stock,20,Poetry,https://books.toscrape.com/catalogue/the-broken-horizon_935/index.html
"The Burning Promise, Book 2",24.62,1,In stock,17,Young Adult,https://books.toscrape.com/catalogue/the-burning-promise-book-2_936/index.html
The Crimson Storm,52.48,5,In stock,18,Fiction,https://books.toscrape.com/catalogue/the-crimson-storm_937/index.html
The Midnight Garden,51.33,4,In stock,28,Travel,https://books.toscrape.com/catalogue/the-midnight-garden_938/index.html
"The Lost Horizon, Book 5",38.21,4,In stock,2,Poetry,https://books.toscrape.com/catalogue/the-lost-horizon-book-5_939/index.html
The Crimson Harbor,20.39,1,In stock,1,Science Fiction,https://books.toscrape.com/catalogue/the-crimson-harbor_940/index.html
The Endless Harbor,21.59,3,In stock,4,Science,https://books.toscrape.com/catalogue/the-endless-harbor_941/index.html
The Silent Echo,45.99,4,In stock,4,Fiction,https://books.toscrape.com/catalogue/the-silent-echo_942/index.html
The Scarlet Legacy,28.77,1,Out of stock,,Philosophy,https://books.toscrape.com/catalogue/the-scarlet-legacy_943/index.html
The Quiet Key,41.63,4,In stock,2,Nonfiction,https://books.toscrape.com/catalogue/the-quiet-key_944/index.html
The Eternal Empire,18.72,1,In stock,10,Young Adult,https://books.toscrape.com/catalogue/the-eternal-empire_945/index.html
"The Quiet Harbor, Book 1",53.8,1,In stock,14,Biography,https://books.toscrape.com/catalogue/the-quiet-harbor-book-1_946/index.html
The Endless Key,31.29,1,In stock,20,Business,https://books.toscrape.com/catalogue/the-endless-key_947/index.html
The Broken Empire,38.49,5,In stock,4,Travel,https://books.toscrape.com/catalogue/the-broken-empire_948/index.html
The Silent Key,27.91,5,In stock,9,Business,https://books.toscrape.com/catalogue/the-silent-key_949/index.html
The Shattered Harbor,28.44,3,In stock,10,Business,https://books.toscrape.com/catalogue/the-shattered-harbor_950/index.html
The Burning Harbor,36.91,5,In stock,5,Travel,https://books.toscrape.com/catalogue/the-burning-harbor_951/index.html
The Scarlet Mirror,15.42,3,In stock,2,Romance,https://books.toscrape.com/catalogue/the-scarlet-mirror_952/index.html
The Endless Flame,35.56,5,In stock,30,Biography,https://books.toscrape.com/catalogue/the-endless-flame_953/index.html
The Secret River,50.33,4,In stock,28,Travel,https://books.toscrape.com/catalogue/the-secret-river_954/index.html
The Burning Portrait,28.56,3,In stock,30,Business,https://books.toscrape.com/catalogue/the-burning-portrait_955/index.html
The Hidden Echo,50.39,4,In stock,16,Fiction,https://books.toscrape.com/catalogue/the-hidden-echo_956/index.html
The Whispering Labyrinth,12.94,5,In stock,18,Mystery,https://books.toscrape.com/catalogue/the-whispering-labyrinth_957/index.html
The Broken Journey,60.51,4,Out of stock,,Fantasy,https://books.toscrape.com/catalogue/the-broken-journey_958/index.html
The Secret Storm,51.84,5,In stock,6,Fantasy,https://books.toscrape.com/catalogue/the-secret-storm_959/index.html
The Secret Garden,20.32,5,In stock,26,Romance,https://books.toscrape.com/catalogue/the-secret-garden_960/index.html
The Broken Empire,33.46,4,In stock,17,Romance,https://books.toscrape.com/catalogue/the-broken-empire_961/index.html
The Quiet Harbor,55.66,2,In stock,18,Nonfiction,https://books.toscrape.com/catalogue/the-quiet-harbor_962/index.html
The Eternal Symphony,25.19,5,In stock,7,Historical Fiction,https://books.toscrape.com/catalogue/the-eternal-symphony_963/index.html
The Frozen Mirror,44.65,3,In stock,17,Science Fiction,https://books.toscrape.com/catalogue/the-frozen-mirror_964/index.html
The Burning Echo,58.2,5,In stock,13,Nonfiction,https://books.toscrape.com/catalogue/the-burning-echo_965/index.html
The Wandering Symphony,48.73,2,In stock,16,Poetry,https://books.toscrape.com/catalogue/the-wandering-symphony_966/index.html
The Scarlet Horizon,42.07,5,In stock,7,Travel,https://books.toscrape.com/catalogue/the-scarlet-horizon_967/index.html
The Midnight Legacy,31.3,3,In stock,9,Romance,https://books.toscrape.com/catalogue/the-midnight-legacy_968/index.html
"The Frozen River, Book 1",32.58,3,In stock,20,Romance,https://books.toscrape.com/catalogue/the-frozen-river-book-1_969/index.html
The Whispering Harbor,53.63,3,In stock,6,Historical Fiction,https://books.toscrape.com/catalogue/the-whispering-harbor_970/index.html
The Midnight Legacy,20.68,3,In stock,21,Nonfiction,https://books.toscrape.com/catalogue/the-midnight-legacy_971/index.html
The Last Horizon,31.2,2,In stock,22,Nonfiction,https://books.toscrape.com/catalogue/the-last-horizon_972/index.html
The Whispering Horizon,56.68,5,In stock,5,Philosophy,https://books.toscrape.com/catalogue/the-whispering-horizon_973/index.html
"The Frozen Horizon, Book 3",55.69,5,In stock,19,Romance,https://books.toscrape.com/catalogue/the-frozen-horizon-book-3_974/index.html
The Silent Echo,58.05,5,In stock,7,Horror,https://books.toscrape.com/catalogue/the-silent-echo_975/index.html
The Scarlet Legacy,41.95,4,In stock,3,Horror,https://books.toscrape.com/catalogue/the-scarlet-legacy_976/index.html
The Whispering Storm,38.55,3,In stock,5,Young Adult,https://books.toscrape.com/catalogue/the-whispering-storm_977/index.html
The Burning Journey,52.69,1,In stock,14,Young Adult,https://books.toscrape.com/catalogue/the-burning-journey_978/index.html
The Lost Labyrinth,28.49,4,In stock,30,Young Adult,https://books.toscrape.com/catalogue/the-lost-labyrinth_979/index.html
The Golden Journey,59.27,4,In stock,13,Science Fiction,https://books.toscrape.com/catalogue/the-golden-journey_980/index.html
The Eternal Storm,22.29,4,In stock,15,Nonfiction,https://books.toscrape.com/catalogue/the-eternal-storm_981/index.html
The Distant River,19.12,4,In stock,6,Travel,https://books.toscrape.com/catalogue/the-distant-river_982/index.html
The Secret River,27.11,3,In stock,2,Historical Fiction,https://books.toscrape.com/catalogue/the-secret-river_983/index.html
"The Shattered Flame, Book 3",41.95,5,In stock,14,Philosophy,https://books.toscrape.com/catalogue/the-shattered-flame-book-3_984/index.html
The Scarlet River,21.05,5,In stock,23,Science,https://books.toscrape.com/catalogue/the-scarlet-river_985/index.html
The Scarlet Promise,42.6,4,In stock,1,Romance,https://books.toscrape.com/catalogue/the-scarlet-promise_986/index.html
"The Golden Chronicle, Book 4",47.9,5,In stock,15,Business,https://books.toscrape.com/catalogue/the-golden-chronicle-book-4_987/index.html
"The Midnight Portrait, Book 1",60.72,4,In stock,26,Romance,https://books.toscrape.com/catalogue/the-midnight-portrait-book-1_988/index.html
The Distant Labyrinth,35.05,5,In stock,14,Horror,https://books.toscrape.com/catalogue/the-distant-labyrinth_989/index.html
The Midnight Labyrinth,22.37,4,In stock,29,Mystery,https://books.toscrape.com/catalogue/the-midnight-labyrinth_990/index.html
The Forgotten Horizon,61.5,3,In stock,7,Biography,https://books.toscrape.com/catalogue/the-forgotten-horizon_991/index.html
The Scarlet Harbor,32.46,2,In stock,25,Biography,https://books.toscrape.com/catalogue/the-scarlet-harbor_992/index.html
The Whispering Harbor,13.89,3,In stock,22,Romance,https://books.toscrape.com/catalogue/the-whispering-harbor_993/index.html
The Midnight Labyrinth,32.44,5,In stock,30,Historical Fiction,https://books.toscrape.com/catalogue/the-midnight-labyrinth_994/index.html
The Golden Empire,19.8,4,In stock,15,Poetry,https://books.toscrape.com/catalogue/the-golden-empire_995/index.html
The Golden Echo,55.35,2,In stock,4,Philosophy,https://books.toscrape.com/catalogue/the-golden-echo_996/index.html
The Frozen Labyrinth,47.9,5,In stock,7,Travel,https://books.toscrape.com/catalogue/the-frozen-labyrinth_997/index.html
The Hidden Voyage,43.29,1,In stock,22,Young Adult,https://books.toscrape.com/catalogue/the-hidden-voyage_998/index.html
The Broken Labyrinth,12.28,1,In stock,30,Poetry,https://books.toscrape.com/catalogue/the-broken-labyrinth_999/index.html
